o:id,dcterms:identifier
17209,B12.4.17.b/8
17208,B12.4.17.b/7
17207,B12.4.17.b/6
17206,B12.4.17.b/5
17205,B12.4.17.b/4
17204,B12.4.17.b/3
17203,B12.4.17.b/2
17202,B12.4.17.b/1
17201,B12.4.17.b
17200,B12.4.17.a/6
17199,B12.4.17.a/5
17198,B12.4.17.a/4
17197,B12.4.17.a/3
17196,B12.4.17.a/2
17195,B12.4.17.a/1
17194,B12.4.17.a
17193,B12.4.17
17192,B12.4.16/5
17191,B12.4.16/4
17190,B12.4.16/3
17189,B12.4.16/2
17188,B12.4.16/1
17187,B12.4.16
17186,B12.4.15/3
17185,B12.4.15/2
17184,B12.4.15/1
17183,B12.4.15
17182,B12.4.14
17181,B12.4.13/9
17180,B12.4.13/8
17179,B12.4.13/7
17178,B12.4.13/6
17177,B12.4.13/5
17176,B12.4.13/4
17175,B12.4.13/3
17174,B12.4.13/2
17173,B12.4.13/13
17172,B12.4.13/12
17171,B12.4.13/11
17170,B12.4.13/10
17169,B12.4.13/1
17168,B12.4.13
17167,B12.4.12
17166,B12.4.11/7
17165,B12.4.11/6
17164,B12.4.11/5
17163,B12.4.11/4
17162,B12.4.11/3
17161,B12.4.11/2
17160,B12.4.11/1
17159,B12.4.11
17158,B12.4.10/2
17157,B12.4.10/1
17156,B12.4.10
17155,B12.4.1.e/3
17154,B12.4.1.e/2
17153,B12.4.1.e/1
17152,B12.4.1.e
17151,B12.4.1.d/9
17150,B12.4.1.d/8
17149,B12.4.1.d/7
17148,B12.4.1.d/6
17147,B12.4.1.d/5
17146,B12.4.1.d/4
17145,B12.4.1.d/3
17144,B12.4.1.d/2
17143,B12.4.1.d/17
17142,B12.4.1.d/16
17141,B12.4.1.d/15
17140,B12.4.1.d/14
17139,B12.4.1.d/13
17138,B12.4.1.d/12
17137,B12.4.1.d/11
17136,B12.4.1.d/10
17135,B12.4.1.d/1
17134,B12.4.1.d
17133,B12.4.1.c/2
17132,B12.4.1.c/1
17131,B12.4.1.c
17130,B12.4.1.b/4
17129,B12.4.1.b/3
17128,B12.4.1.b/2
17127,B12.4.1.b/1
17126,B12.4.1.b
17125,B12.4.1.a
17124,B12.4.1
17123,B12.4
17122,B12.3.2/8
17121,B12.3.2/7
17120,B12.3.2/6
17119,B12.3.2/5
17118,B12.3.2/4
17117,B12.3.2/3
17116,B12.3.2/2
17115,B12.3.2/1
17114,B12.3.2
17113,B12.3.1/9
17112,B12.3.1/8
17111,B12.3.1/7
17110,B12.3.1/6
17109,B12.3.1/5
17108,B12.3.1/4
17107,B12.3.1/3
17106,B12.3.1/2
17105,B12.3.1/13
17104,B12.3.1/12
17103,B12.3.1/11
17102,B12.3.1/10
17101,B12.3.1/1
17100,B12.3.1
17099,B12.3
17098,B12.2.6/3
17097,B12.2.6/2
17096,B12.2.6/1
17095,B12.2.6
17094,B12.2.5/6
17093,B12.2.5/5
17092,B12.2.5/4
17091,B12.2.5/3
17090,B12.2.5/2
17089,B12.2.5/1
17088,B12.2.5
17087,B12.2.4/7
17086,B12.2.4/6
17085,B12.2.4/5
17084,B12.2.4/4
17083,B12.2.4/3
17082,B12.2.4/2
17081,B12.2.4/1
17080,B12.2.4
17079,B12.2.3/4
17078,B12.2.3/3
17077,B12.2.3/2
17076,B12.2.3/1
17075,B12.2.3
17074,B12.2.2/2
17073,B12.2.2/1
17072,B12.2.2
17071,B12.2.1/4
17070,B12.2.1/3
17069,B12.2.1/2
17068,B12.2.1/1
17067,B12.2.1
17066,B12.2
17065,B12.1/9
17064,B12.1/8
17063,B12.1/7
17062,B12.1/6
17061,B12.1/5
17060,B12.1/4
17059,B12.1/3
17058,B12.1/2
17057,B12.1/10
17056,B12.1/1
17055,B12.1
17054,B12
17053,B11.9/4
17052,B11.9/3
17051,B11.9/2
17050,B11.9/1
17049,B11.9
17048,B11.8/3
17047,B11.8/2
17046,B11.8/1
17045,B11.8
17044,B11.7/2
17043,B11.7/1
17042,B11.7
17041,B11.6/5
17040,B11.6/4
17039,B11.6/3
17038,B11.6/2
17037,B11.6/1
17036,B11.6
17035,B11.5/3
17034,B11.5/2
17033,B11.5/1
17032,B11.5
17031,B11.4/9
17030,B11.4/8
17029,B11.4/7
17028,B11.4/6
17027,B11.4/5
17026,B11.4/4
17025,B11.4/3
17024,B11.4/2
17023,B11.4/14
17022,B11.4/13
17021,B11.4/12
17020,B11.4/11
17019,B11.4/10
17018,B11.4/1
17017,B11.4
17016,B11.3/9
17015,B11.3/8
17014,B11.3/7
17013,B11.3/6
17012,B11.3/5
17011,B11.3/4
17010,B11.3/3
17009,B11.3/2
17008,B11.3/11
17007,B11.3/10
17006,B11.3/1
17005,B11.3
17004,B11.2
17003,B11.17.9
17002,B11.17.8
17001,B11.17.7
17000,B11.17.6
16999,B11.17.5
16998,B11.17.4
16997,B11.17.3
16996,B11.17.2
16995,B11.17.11
16994,B11.17.10
16993,B11.17.1/9
16992,B11.17.1/8
16991,B11.17.1/7
16990,B11.17.1/6
16989,B11.17.1/5
16988,B11.17.1/4
16987,B11.17.1/3
16986,B11.17.1/2
16985,B11.17.1/14
16984,B11.17.1/13
16983,B11.17.1/12
16982,B11.17.1/11
16981,B11.17.1/10
16980,B11.17.1/1
16979,B11.17.1
16978,B11.17
16977,B11.16/4
16976,B11.16/3
16975,B11.16/2
16974,B11.16/1
16973,B11.16
16972,B11.15/2
16971,B11.15/1
16970,B11.15
16969,B11.14/2
16968,B11.14/1
16967,B11.14
16966,B11.13
16965,B11.12
16964,B11.11/5
16963,B11.11/4
16962,B11.11/3
16961,B11.11/2
16960,B11.11/1
16959,B11.11
16958,B11.10/7
16957,B11.10/6
16956,B11.10/5
16955,B11.10/4
16954,B11.10/3
16953,B11.10/2
16952,B11.10/1
16951,B11.10
16950,B11.1/2
16949,B11.1/1
16948,B11.1
16947,B11
16946,B10.6
16945,B10.5
16944,B10.4
16943,B10.3
16942,B10.2
16941,B10.1/8
16940,B10.1/7
16939,B10.1/6
16938,B10.1/5
16937,B10.1/4
16936,B10.1/3
16935,B10.1/2
16934,B10.1/1
16933,B10.1
16932,B10
16931,B8-B12
16930,B4.2/9
16929,B4.2/8
16928,B4.2/7
16927,B4.2/6
16926,B4.2/5
16925,B4.2/4
16924,B4.2/3
16923,B4.2/23
16922,B4.2/22
16921,B4.2/21
16920,B4.2/20
16919,B4.2/2
16918,B4.2/19
16917,B4.2/18
16916,B4.2/17
16915,B4.2/16
16914,B4.2/15
16913,B4.2/14
16912,B4.2/13
16911,B4.2/12
16910,B4.2/11
16909,B4.2/10
16908,B4.2/1
16907,B4.2
16906,B4.1/9
16905,B4.1/8
16904,B4.1/7
16903,B4.1/6
16902,B4.1/5
16901,B4.1/4
16900,B4.1/3
16899,B4.1/2
16898,B4.1/10
16897,B4.1/1
16896,B4.1
16895,B4
16894,B3.5
16893,B3.4.3
16892,B3.4.2/5
16891,B3.4.2/4
16890,B3.4.2/3
16889,B3.4.2/2
16888,B3.4.2/1
16887,B3.4.2
16886,B3.4.1/8
16885,B3.4.1/7
16884,B3.4.1/6
16883,B3.4.1/5
16882,B3.4.1/4
16881,B3.4.1/3
16880,B3.4.1/2
16879,B3.4.1/1
16878,B3.4.1
16877,B3.4
16876,B3.3
16875,B3.2.5
16874,B3.2.4
16873,B3.2.3
16872,B3.2.2
16871,B3.2.1
16870,B3.2
16869,B3.1.6
16868,B3.1.5
16867,B3.1.4
16866,B3.1.3
16865,B3.1.2
16864,B3.1.1
16863,B3.1
16862,B3
16861,B2.4.2
16860,B2.4.1
16859,B2.4
16858,B2.3/2
16857,B2.3/1
16856,B2.3
16855,B2.2
16854,B2.1.5/2
16853,B2.1.5/1
16852,B2.1.5
16851,B2.1.4/4
16850,B2.1.4/3
16849,B2.1.4/2
16848,B2.1.4/1
16847,B2.1.4
16846,B2.1.3/3
16845,B2.1.3/2
16844,B2.1.3/1
16843,B2.1.3
16842,B2.1.2/2
16841,B2.1.2/1
16840,B2.1.2
16839,B2.1.1/2
16838,B2.1.1/1
16837,B2.1.1
16836,B2.1
16835,B2
16834,B1.6/2
16833,B1.6/1
16832,B1.6
16831,B1.5.7
16830,B1.5.6
16829,B1.5.5
16828,B1.5.4
16827,B1.5.3
16826,B1.5.2
16825,B1.5.1
16824,B1.5
16823,B1.4.5
16822,B1.4.4
16821,B1.4.3
16820,B1.4.2
16819,B1.4.1
16818,B1.4
16817,B1.3.5/2
16816,B1.3.5/1
16815,B1.3.5
16814,B1.3.4
16813,B1.3.3
16812,B1.3.2
16811,B1.3.1
16810,B1.3
16809,B1.2.5
16808,B1.2.4
16807,B1.2.3
16806,B1.2.2
16805,B1.2.1
16804,B1.2
16803,B1.1.4
16802,B1.1.3
16801,B1.1.2/5
16800,B1.1.2/4
16799,B1.1.2/3
16798,B1.1.2/2
16797,B1.1.2/1
16796,B1.1.2
16795,B1.1.1/9
16794,B1.1.1/8
16793,B1.1.1/7
16792,B1.1.1/6
16791,B1.1.1/5
16790,B1.1.1/4
16789,B1.1.1/3
16788,B1.1.1/2
16787,B1.1.1/14
16786,B1.1.1/13
16785,B1.1.1/12
16784,B1.1.1/11
16783,B1.1.1/10
16782,B1.1.1/1
16781,B1.1.1
16780,B1.1
16779,B1
16778,B1-B4
16777,B18.7
16776,B18.6
16775,B18.5
16774,B18.4
16773,B18.3
16772,B18.2
16771,B18.1
16770,B18
16769,B17.9
16768,B17.8
16767,B17.7
16766,B17.6
16765,B17.5
16764,B17.4
16763,B17.3
16762,B17.2
16761,B17.11
16760,B17.10
16759,B17.1
16758,B17
16757,B16.9
16756,B16.8
16755,B16.7
16754,B16.6
16753,B16.5
16752,B16.4
16751,B16.3
16750,B16.2
16749,B16.13
16748,B16.12
16747,B16.11
16746,B16.10
16745,B16.1
16744,B16
16743,B16-B18
16742,B15.8/2
16741,B15.8/1
16740,B15.8
16739,B15.7
16738,B15.6
16737,B15.5/7
16736,B15.5/6
16735,B15.5/5
16734,B15.5/4
16733,B15.5/3
16732,B15.5/2
16731,B15.5/1
16730,B15.5
16729,B15.4
16728,B15.3/3
16727,B15.3/2
16726,B15.3/1
16725,B15.3
16724,B15.2
16723,B15.1/9
16722,B15.1/8
16721,B15.1/7
16720,B15.1/6
16719,B15.1/5
16718,B15.1/4
16717,B15.1/3
16716,B15.1/2
16715,B15.1/10
16714,B15.1/1
16713,B15.1
16712,B15
16711,B14.2.9/3
16710,B14.2.9/2
16709,B14.2.9/1
16708,B14.2.9
16707,B14.2.8
16706,B14.2.7
16705,B14.2.6/6
16704,B14.2.6/5
16703,B14.2.6/4
16702,B14.2.6/3
16701,B14.2.6/2
16700,B14.2.6/1
16699,B14.2.6
16698,B14.2.5/3
16697,B14.2.5/2
16696,B14.2.5/1
16695,B14.2.5
16694,B14.2.4/8
16693,B14.2.4/7
16692,B14.2.4/6
16691,B14.2.4/5
16690,B14.2.4/4
16689,B14.2.4/3
16688,B14.2.4/2
16687,B14.2.4/1
16686,B14.2.4
16685,B14.2.3/3
16684,B14.2.3/2
16683,B14.2.3/1
16682,B14.2.3
16681,B14.2.2/9
16680,B14.2.2/8
16679,B14.2.2/7
16678,B14.2.2/6
16677,B14.2.2/5
16676,B14.2.2/4
16675,B14.2.2/3
16674,B14.2.2/2
16673,B14.2.2/18
16672,B14.2.2/17
16671,B14.2.2/16
16670,B14.2.2/15
16669,B14.2.2/14
16668,B14.2.2/13
16667,B14.2.2/12
16666,B14.2.2/11
16665,B14.2.2/10
16664,B14.2.2/1
16663,B14.2.2
16662,B14.2.17
16661,B14.2.16/9
16660,B14.2.16/8
16659,B14.2.16/7
16658,B14.2.16/6
16657,B14.2.16/5
16656,B14.2.16/4
16655,B14.2.16/3
16654,B14.2.16/2
16653,B14.2.16/11
16652,B14.2.16/10
16651,B14.2.16/1
16650,B14.2.16
16649,B14.2.15/4
16648,B14.2.15/3
16647,B14.2.15/2
16646,B14.2.15/1
16645,B14.2.15
16644,B14.2.14/8
16643,B14.2.14/7
16642,B14.2.14/6
16641,B14.2.14/5
16640,B14.2.14/4
16639,B14.2.14/3
16638,B14.2.14/2
16637,B14.2.14/1
16636,B14.2.14
16635,B14.2.13
16634,B14.2.12
16633,B14.2.11
16632,B14.2.10/4
16631,B14.2.10/3
16630,B14.2.10/2
16629,B14.2.10/1
16628,B14.2.10
16627,B14.2.1/9
16626,B14.2.1/8
16625,B14.2.1/7
16624,B14.2.1/6
16623,B14.2.1/5
16622,B14.2.1/4
16621,B14.2.1/3
16620,B14.2.1/25
16619,B14.2.1/24
16618,B14.2.1/23
16617,B14.2.1/22
16616,B14.2.1/21
16615,B14.2.1/20
16614,B14.2.1/2
16613,B14.2.1/19
16612,B14.2.1/18
16611,B14.2.1/17
16610,B14.2.1/16
16609,B14.2.1/15
16608,B14.2.1/14
16607,B14.2.1/13
16606,B14.2.1/12
16605,B14.2.1/11
16604,B14.2.1/10
16603,B14.2.1/1
16602,B14.2.1
16601,B14.2
16600,B14.1.2/4
16599,B14.1.2/3
16598,B14.1.2/2
16597,B14.1.2/1
16596,B14.1.2
16595,B14.1.1/8
16594,B14.1.1/7
16593,B14.1.1/6
16592,B14.1.1/5
16591,B14.1.1/4
16590,B14.1.1/3
16589,B14.1.1/2
16588,B14.1.1/1
16587,B14.1.1
16586,B14.1
16585,B14
16584,B13.3.9/7
16583,B13.3.9/6
16582,B13.3.9/5
16581,B13.3.9/4
16580,B13.3.9/3
16579,B13.3.9/2
16578,B13.3.9/1
16577,B13.3.9
16576,B13.3.8/2
16575,B13.3.8/1
16574,B13.3.8
16573,B13.3.7/2
16572,B13.3.7/1
16571,B13.3.7
16570,B13.3.6
16569,B13.3.5
16568,B13.3.4/2
16567,B13.3.4/1
16566,B13.3.4
16565,B13.3.3
16564,B13.3.2/2
16563,B13.3.2/1
16562,B13.3.2
16561,B13.3.12/9
16560,B13.3.12/8
16559,B13.3.12/7
16558,B13.3.12/6
16557,B13.3.12/5
16556,B13.3.12/42
16555,B13.3.12/41
16554,B13.3.12/40
16553,B13.3.12/4
16552,B13.3.12/39
16551,B13.3.12/38
16550,B13.3.12/37
16549,B13.3.12/36
16548,B13.3.12/35
16547,B13.3.12/34
16546,B13.3.12/33
16545,B13.3.12/32
16544,B13.3.12/31
16543,B13.3.12/30
16542,B13.3.12/3
16541,B13.3.12/29
16540,B13.3.12/28
16539,B13.3.12/27
16538,B13.3.12/26
16537,B13.3.12/25
16536,B13.3.12/24
16535,B13.3.12/23
16534,B13.3.12/22
16533,B13.3.12/21
16532,B13.3.12/20
16531,B13.3.12/2
16530,B13.3.12/19
16529,B13.3.12/18
16528,B13.3.12/17
16527,B13.3.12/16
16526,B13.3.12/15
16525,B13.3.12/14
16524,B13.3.12/13
16523,B13.3.12/12
16522,B13.3.12/11
16521,B13.3.12/10
16520,B13.3.12/1
16519,B13.3.12
16518,B13.3.11
16517,B13.3.10/2
16516,B13.3.10/1
16515,B13.3.10
16514,B13.3.1/2
16513,B13.3.1/1
16512,B13.3.1
16511,B13.3
16510,B13.2.7/5
16509,B13.2.7/4
16508,B13.2.7/3
16507,B13.2.7/2
16506,B13.2.7/1
16505,B13.2.7
16504,B13.2.6/5
16503,B13.2.6/4
16502,B13.2.6/3
16501,B13.2.6/2
16500,B13.2.6/1
16499,B13.2.6
16498,B13.2.5/3
16497,B13.2.5/2
16496,B13.2.5/1
16495,B13.2.5
16494,B13.2.4/2
16493,B13.2.4/1
16492,B13.2.4
16491,B13.2.3
16490,B13.2.2/9
16489,B13.2.2/8
16488,B13.2.2/7
16487,B13.2.2/67
16486,B13.2.2/66
16485,B13.2.2/65
16484,B13.2.2/64
16483,B13.2.2/63
16482,B13.2.2/62
16481,B13.2.2/61
16480,B13.2.2/60
16479,B13.2.2/6
16478,B13.2.2/59
16477,B13.2.2/58
16476,B13.2.2/57
16475,B13.2.2/56
16474,B13.2.2/55
16473,B13.2.2/54
16472,B13.2.2/53
16471,B13.2.2/52
16470,B13.2.2/51
16469,B13.2.2/50
16468,B13.2.2/5
16467,B13.2.2/49
16466,B13.2.2/48
16465,B13.2.2/47
16464,B13.2.2/46
16463,B13.2.2/45
16462,B13.2.2/44
16461,B13.2.2/43
16460,B13.2.2/42
16459,B13.2.2/41
16458,B13.2.2/40
16457,B13.2.2/4
16456,B13.2.2/39
16455,B13.2.2/38
16454,B13.2.2/37
16453,B13.2.2/36
16452,B13.2.2/35
16451,B13.2.2/34
16450,B13.2.2/33
16449,B13.2.2/32
16448,B13.2.2/31
16447,B13.2.2/30
16446,B13.2.2/3
16445,B13.2.2/29
16444,B13.2.2/28
16443,B13.2.2/27
16442,B13.2.2/26
16441,B13.2.2/25
16440,B13.2.2/24
16439,B13.2.2/23
16438,B13.2.2/22
16437,B13.2.2/21
16436,B13.2.2/20
16435,B13.2.2/2
16434,B13.2.2/19
16433,B13.2.2/18
16432,B13.2.2/17
16431,B13.2.2/16
16430,B13.2.2/15
16429,B13.2.2/14
16428,B13.2.2/13
16427,B13.2.2/12
16426,B13.2.2/11
16425,B13.2.2/10
16424,B13.2.2/1
16423,B13.2.2
16422,B13.2.1/9
16421,B13.2.1/8
16420,B13.2.1/7
16419,B13.2.1/6
16418,B13.2.1/5
16417,B13.2.1/4
16416,B13.2.1/3
16415,B13.2.1/2
16414,B13.2.1/16
16413,B13.2.1/15
16412,B13.2.1/14
16411,B13.2.1/13
16410,B13.2.1/12
16409,B13.2.1/11
16408,B13.2.1/10
16407,B13.2.1/1
16406,B13.2.1
16405,B13.2
16404,B13.1.5/6
16403,B13.1.5/5
16402,B13.1.5/4
16401,B13.1.5/3
16400,B13.1.5/2
16399,B13.1.5/1
16398,B13.1.5
16397,B13.1.4/9
16396,B13.1.4/8
16395,B13.1.4/7
16394,B13.1.4/6
16393,B13.1.4/5
16392,B13.1.4/4
16391,B13.1.4/3
16390,B13.1.4/2
16389,B13.1.4/1
16388,B13.1.4
16387,B13.1.3/9
16386,B13.1.3/8
16385,B13.1.3/7
16384,B13.1.3/6
16383,B13.1.3/5
16382,B13.1.3/4
16381,B13.1.3/3
16380,B13.1.3/29
16379,B13.1.3/28
16378,B13.1.3/27
16377,B13.1.3/26
16376,B13.1.3/25
16375,B13.1.3/24
16374,B13.1.3/23
16373,B13.1.3/22
16372,B13.1.3/21
16371,B13.1.3/20
16370,B13.1.3/2
16369,B13.1.3/19
16368,B13.1.3/18
16367,B13.1.3/17
16366,B13.1.3/16
16365,B13.1.3/15
16364,B13.1.3/14
16363,B13.1.3/13
16362,B13.1.3/12
16361,B13.1.3/11
16360,B13.1.3/10
16359,B13.1.3/1
16358,B13.1.3
16357,B13.1.2/9
16356,B13.1.2/8
16355,B13.1.2/7
16354,B13.1.2/6
16353,B13.1.2/5
16352,B13.1.2/4
16351,B13.1.2/37
16350,B13.1.2/36
16349,B13.1.2/35
16348,B13.1.2/34
16347,B13.1.2/33
16346,B13.1.2/32
16345,B13.1.2/31
16344,B13.1.2/30
16343,B13.1.2/3
16342,B13.1.2/29
16341,B13.1.2/28
16340,B13.1.2/27
16339,B13.1.2/26
16338,B13.1.2/25
16337,B13.1.2/24
16336,B13.1.2/23
16335,B13.1.2/22
16334,B13.1.2/21
16333,B13.1.2/20
16332,B13.1.2/2
16331,B13.1.2/19
16330,B13.1.2/18
16329,B13.1.2/17
16328,B13.1.2/16
16327,B13.1.2/15
16326,B13.1.2/14
16325,B13.1.2/13
16324,B13.1.2/12
16323,B13.1.2/11
16322,B13.1.2/10
16321,B13.1.2/1
16320,B13.1.2
16319,B13.1.1/9
16318,B13.1.1/8
16317,B13.1.1/71
16316,B13.1.1/70
16315,B13.1.1/7
16314,B13.1.1/69
16313,B13.1.1/68
16312,B13.1.1/67
16311,B13.1.1/66
16310,B13.1.1/65
16309,B13.1.1/64
16308,B13.1.1/63
16307,B13.1.1/62
16306,B13.1.1/61
16305,B13.1.1/60
16304,B13.1.1/6
16303,B13.1.1/59
16302,B13.1.1/58
16301,B13.1.1/57
16300,B13.1.1/56
16299,B13.1.1/55
16298,B13.1.1/54
16297,B13.1.1/53
16296,B13.1.1/52
16295,B13.1.1/51
16294,B13.1.1/50
16293,B13.1.1/5
16292,B13.1.1/49
16291,B13.1.1/48
16290,B13.1.1/47
16289,B13.1.1/46
16288,B13.1.1/45
16287,B13.1.1/44
16286,B13.1.1/43
16285,B13.1.1/42
16284,B13.1.1/41
16283,B13.1.1/40
16282,B13.1.1/4
16281,B13.1.1/39
16280,B13.1.1/38
16279,B13.1.1/37
16278,B13.1.1/36
16277,B13.1.1/35
16276,B13.1.1/34
16275,B13.1.1/33
16274,B13.1.1/32
16273,B13.1.1/31
16272,B13.1.1/30
16271,B13.1.1/3
16270,B13.1.1/29
16269,B13.1.1/28
16268,B13.1.1/27
16267,B13.1.1/26
16266,B13.1.1/25
16265,B13.1.1/24
16264,B13.1.1/23
16263,B13.1.1/22
16262,B13.1.1/21
16261,B13.1.1/20
16260,B13.1.1/2
16259,B13.1.1/19
16258,B13.1.1/18
16257,B13.1.1/17
16256,B13.1.1/16
16255,B13.1.1/15
16254,B13.1.1/14
16253,B13.1.1/13
16252,B13.1.1/12
16251,B13.1.1/11
16250,B13.1.1/10
16249,B13.1.1/1
16248,B13.1.1
16247,B13.1
16246,B13
16245,B13-B15
16244,B7.8
16243,B7.7
16242,B7.6
16241,B7.5
16240,B7.4/7
16239,B7.4/6
16238,B7.4/5
16237,B7.4/4
16236,B7.4/3
16235,B7.4/2
16234,B7.4/1
16233,B7.4
16232,B7.3.3
16231,B7.3.2
16230,B7.3.1
16229,B7.3
16228,B7.2
16227,B7.1/4
16226,B7.1/3
16225,B7.1/2
16224,B7.1/1
16223,B7.1
16222,B7
16221,B6.5
16220,B6.4.4
16219,B6.4.3
16218,B6.4.2
16217,B6.4.1
16216,B6.4
16215,B6.3
16214,B6.2
16213,B6.1
16212,B6
16211,B6-B7
16210,B1-B18
18209,A10.4
18208,A10.3
18207,A10.2
18206,A10.10.4
18205,A10.10.3
18204,A10.10.2
18203,A10.10.1
18202,A10.10
18201,A10.1
18200,A10
18199,A6-A14bis
18198,A37.4
18197,A37.3
18196,A37.2
18195,A37.1.6
18194,A37.1.5
18193,A37.1.4
18192,A37.1.3
18191,A37.1.2
18190,A37.1.1
18189,A37.1
18188,A37
18187,A36.2.2/8
18186,A36.2.2/7
18185,A36.2.2/6
18184,A36.2.2/5
18183,A36.2.2/4
18182,A36.2.2/3
18181,A36.2.2/2
18180,A36.2.2/1
18179,A36.2.2
18178,A36.2.1/7
18177,A36.2.1/6
18176,A36.2.1/5
18175,A36.2.1/4
18174,A36.2.1/3
18173,A36.2.1/2
18172,A36.2.1/1
18171,A36.2.1
18170,A36.2
18169,A36.1.5
18168,A36.1.4/5
18167,A36.1.4/4
18166,A36.1.4/3
18165,A36.1.4/2
18164,A36.1.4/1
18163,A36.1.4
18162,A36.1.3/2
18161,A36.1.3/1
18160,A36.1.3
18159,A36.1.2/2
18158,A36.1.2/1
18157,A36.1.2
18156,A36.1.1/2
18155,A36.1.1/1
18154,A36.1.1
18153,A36.1
18152,A36
18151,A35.3.4/4
18150,A35.3.5
18149,A35.3.4/3
18148,A35.3.4/2
18147,A35.3.4/1
18146,A35.3.4
18145,A35.3.3/9
18144,A35.3.3/8
18143,A35.3.3/7
18142,A35.3.3/6
18141,A35.3.3/5
18140,A35.3.3/4
18139,A35.3.3/3
18138,A35.3.3/2
18137,A35.3.3/1
18136,A35.3.3
18135,A35.3.2
18134,A35.3.1/9
18133,A35.3.1/8
18132,A35.3.1/7
18131,A35.3.1/6
18130,A35.3.1/5
18129,A35.3.1/4
18128,A35.3.1/3
18127,A35.3.1/2
18126,A35.3.1/15
18125,A35.3.1/14
18124,A35.3.1/13
18123,A35.3.1/12
18122,A35.3.1/11
18121,A35.3.1/10
18120,A35.3.1/1
18119,A35.3.1
18118,A35.3
18117,A35.2
18116,A35.1
18115,A35
18114,A34.2.4/2
18113,A34.2.4/1
18112,A34.2.4
18111,A34.2.3/4
18110,A34.2.3/3
18109,A34.2.3/2
18108,A34.2.3/1
18107,A34.2.3
18106,A34.2.2/9
18105,A34.2.2/8
18104,A34.2.2/7
18103,A34.2.2/6
18102,A34.2.2/5
18101,A34.2.2/4
18100,A34.2.2/3
18099,A34.2.2/25
18098,A34.2.2/24
18097,A34.2.2/23
18096,A34.2.2/22
18095,A34.2.2/21
18094,A34.2.2/20
18093,A34.2.2/2
18092,A34.2.2/19
18091,A34.2.2/18
18090,A34.2.2/17
18089,A34.2.2/16
18088,A34.2.2/15
18087,A34.2.2/14
18086,A34.2.2/13
18085,A34.2.2/12
18084,A34.2.2/11
18083,A34.2.2/10
18082,A34.2.2/1
18081,A34.2.2
18080,A34.2.1/9
18079,A34.2.1/8
18078,A34.2.1/7
18077,A34.2.1/6
18076,A34.2.1/5
18075,A34.2.1/4
18074,A34.2.1/3
18073,A34.2.1/2
18072,A34.2.1/12
18071,A34.2.1/11
18070,A34.2.1/10
18069,A34.2.1/1
18068,A34.2.1
18067,A34.2
18066,A34.1/9
18065,A34.1/8
18064,A34.1/7
18063,A34.1/6
18062,A34.1/5
18061,A34.1/4
18060,A34.1/3
18059,A34.1/2
18058,A34.1/1
18057,A34.1
18056,A34
18055,A33.2/9
18054,A33.2/8
18053,A33.2/7
18052,A33.2/6
18051,A33.2/5
18050,A33.2/4
18049,A33.2/3
18048,A33.2/2
18047,A33.2/16
18046,A33.2/15
18045,A33.2/14
18044,A33.2/13
18043,A33.2/12
18042,A33.2/11
18041,A33.2/10
18040,A33.2/1
18039,A33.2
18038,A33.1.4/9
18037,A33.1.4/8
18036,A33.1.4/7
18035,A33.1.4/6
18034,A33.1.4/50
18033,A33.1.4/5
18032,A33.1.4/49
18031,A33.1.4/48
18030,A33.1.4/47
18029,A33.1.4/46
18028,A33.1.4/45
18027,A33.1.4/44
18026,A33.1.4/43
18025,A33.1.4/42
18024,A33.1.4/41
18023,A33.1.4/40
18022,A33.1.4/4
18021,A33.1.4/39
18020,A33.1.4/38
18019,A33.1.4/37
18018,A33.1.4/36
18017,A33.1.4/35
18016,A33.1.4/34
18015,A33.1.4/33
18014,A33.1.4/32
18013,A33.1.4/31
18012,A33.1.4/30
18011,A33.1.4/3
18010,A33.1.4/29
18009,A33.1.4/28
18008,A33.1.4/27
18007,A33.1.4/26
18006,A33.1.4/25
18005,A33.1.4/24
18004,A33.1.4/23
18003,A33.1.4/22
18002,A33.1.4/21
18001,A33.1.4/20
18000,A33.1.4/2
17999,A33.1.4/19
17998,A33.1.4/18
17997,A33.1.4/17
17996,A33.1.4/16
17995,A33.1.4/15
17994,A33.1.4/14
17993,A33.1.4/13
17992,A33.1.4/12
17991,A33.1.4/11
17990,A33.1.4/10
17989,A33.1.4/1
17988,A33.1.4
17987,A33.1.3/9
17986,A33.1.3/8
17985,A33.1.3/7
17984,A33.1.3/6
17983,A33.1.3/5
17982,A33.1.3/4
17981,A33.1.3/3
17980,A33.1.3/28
17979,A33.1.3/27
17978,A33.1.3/26
17977,A33.1.3/25
17976,A33.1.3/24
17975,A33.1.3/23
17974,A33.1.3/22
17973,A33.1.3/21
17972,A33.1.3/20
17971,A33.1.3/2
17970,A33.1.3/19
17969,A33.1.3/18
17968,A33.1.3/17
17967,A33.1.3/16
17966,A33.1.3/15
17965,A33.1.3/14
17964,A33.1.3/13
17963,A33.1.3/12
17962,A33.1.3/11
17961,A33.1.3/10
17960,A33.1.3/1
17959,A33.1.3
17958,A33.1.2/9
17957,A33.1.2/8
17956,A33.1.2/7
17955,A33.1.2/6
17954,A33.1.2/5
17953,A33.1.2/4
17952,A33.1.2/34
17951,A33.1.2/33
17950,A33.1.2/32
17949,A33.1.2/31
17948,A33.1.2/30
17947,A33.1.2/3
17946,A33.1.2/29
17945,A33.1.2/28
17944,A33.1.2/27
17943,A33.1.2/26
17942,A33.1.2/25
17941,A33.1.2/24
17940,A33.1.2/23
17939,A33.1.2/22
17938,A33.1.2/21
17937,A33.1.2/20
17936,A33.1.2/2
17935,A33.1.2/19
17934,A33.1.2/18
17933,A33.1.2/17
17932,A33.1.2/16
17931,A33.1.2/15
17930,A33.1.2/14
17929,A33.1.2/13
17928,A33.1.2/12
17927,A33.1.2/11
17926,A33.1.2/10
17925,A33.1.2/1
17924,A33.1.2
17923,A33.1.1.c/9
17922,A33.1.1.c/8
17921,A33.1.1.c/7
17920,A33.1.1.c/6
17919,A33.1.1.c/5
17918,A33.1.1.c/4
17917,A33.1.1.c/30
17916,A33.1.1.c/3
17915,A33.1.1.c/29
17914,A33.1.1.c/28
17913,A33.1.1.c/27
17912,A33.1.1.c/26
17911,A33.1.1.c/25
17910,A33.1.1.c/24
17909,A33.1.1.c/23
17908,A33.1.1.c/22
17907,A33.1.1.c/21
17906,A33.1.1.c/20
17905,A33.1.1.c/2
17904,A33.1.1.c/19
17903,A33.1.1.c/18
17902,A33.1.1.c/17
17901,A33.1.1.c/16
17900,A33.1.1.c/15
17899,A33.1.1.c/14
17898,A33.1.1.c/13
17897,A33.1.1.c/12
17896,A33.1.1.c/11
17895,A33.1.1.c/10
17894,A33.1.1.c/1
17893,A33.1.1.c
17892,A33.1.1.b/7
17891,A33.1.1.b/6
17890,A33.1.1.b/5
17889,A33.1.1.b/4
17888,A33.1.1.b/3
17887,A33.1.1.b/2
17886,A33.1.1.b/1
17885,A33.1.1.b
17884,A33.1.1.a/9
17883,A33.1.1.a/8
17882,A33.1.1.a/7
17881,A33.1.1.a/6
17880,A33.1.1.a/5
17879,A33.1.1.a/4
17878,A33.1.1.a/3
17877,A33.1.1.a/20
17876,A33.1.1.a/2
17875,A33.1.1.a/19
17874,A33.1.1.a/18
17873,A33.1.1.a/17
17872,A33.1.1.a/16
17871,A33.1.1.a/15
17870,A33.1.1.a/14
17869,A33.1.1.a/13
17868,A33.1.1.a/12
17867,A33.1.1.a/11
17866,A33.1.1.a/10
17865,A33.1.1.a/1
17864,A33.1.1.a
17863,A33.1.1
17862,A33.1
17861,A33
17860,A32/4
17859,A32.4
17858,A32.3/4
17857,A32.3/3
17856,A32.3/2
17855,A32.3/1
17854,A32.3
17853,A32.2.3/4
17852,A32.2.3/3
17851,A32.2.3/2
17850,A32.2.3/1
17849,A32.2.3
17848,A32.2.2/3
17847,A32.2.2/2
17846,A32.2.2/1
17845,A32.2.2
17844,A32.2.1/9
17843,A32.2.1/8
17842,A32.2.1/7
17841,A32.2.1/6
17840,A32.2.1/5
17839,A32.2.1/4
17838,A32.2.1/38
17837,A32.2.1/37
17836,A32.2.1/36
17835,A32.2.1/35
17834,A32.2.1/34
17833,A32.2.1/33
17832,A32.2.1/32
17831,A32.2.1/31
17830,A32.2.1/30
17829,A32.2.1/3
17828,A32.2.1/29
17827,A32.2.1/28
17826,A32.2.1/27
17825,A32.2.1/26
17824,A32.2.1/25
17823,A32.2.1/24
17822,A32.2.1/23
17821,A32.2.1/22
17820,A32.2.1/21
17819,A32.2.1/20
17818,A32.2.1/2
17817,A32.2.1/19
17816,A32.2.1/18
17815,A32.2.1/17
17814,A32.2.1/16
17813,A32.2.1/15
17812,A32.2.1/14
17811,A32.2.1/13
17810,A32.2.1/12
17809,A32.2.1/11
17808,A32.2.1/10
17807,A32.2.1/1
17806,A32.2.1
17805,A32.2
17804,A32.1.5
17803,A32.1.4/4
17802,A32.1.4/3
17801,A32.1.4/2
17800,A32.1.4/1
17799,A32.1.4
17798,A32.1.3/6
17797,A32.1.3/5
17796,A32.1.3/4
17795,A32.1.3/3
17794,A32.1.3/2
17793,A32.1.3/1
17792,A32.1.3
17791,A32.1.2/2
17790,A32.1.2/1
17789,A32.1.2
17788,A32.1.1/9
17787,A32.1.1/8
17786,A32.1.1/7
17785,A32.1.1/6
17784,A32.1.1/5
17783,A32.1.1/4
17782,A32.1.1/3
17781,A32.1.1/2
17780,A32.1.1/16
17779,A32.1.1/15
17778,A32.1.1/14
17777,A32.1.1/13
17776,A32.1.1/12
17775,A32.1.1/11
17774,A32.1.1/10
17773,A32.1.1/1
17772,A32.1.1
17771,A32.1
17770,A32
17769,A31/2
17768,A31/1
17767,A31
17766,A30/9
17765,A30/8
17764,A30/7
17763,A30/6
17762,A30/57
17761,A30/56
17760,A30/55
17759,A30/54
17758,A30/53
17757,A30/52
17756,A30/51
17755,A30/50
17754,A30/5
17753,A30/49
17752,A30/48
17751,A30/47
17750,A30/46
17749,A30/45
17748,A30/44
17747,A30/43
17746,A30/42
17745,A30/41
17744,A30/40
17743,A30/4
17742,A30/39
17741,A30/38
17740,A30/37
17739,A30/36
17738,A30/35
17737,A30/34
17736,A30/33
17735,A30/32
17734,A30/31
17733,A30/30
17732,A30/3
17731,A30/29
17730,A30/28
17729,A30/27
17728,A30/26
17727,A30/25
17726,A30/24
17725,A30/23
17724,A30/22
17723,A30/21
17722,A30/20
17721,A30/2
17720,A30/19
17719,A30/18
17718,A30/17
17717,A30/16
17716,A30/15
17715,A30/14
17714,A30/13
17713,A30/12
17712,A30/11
17711,A30/10
17710,A30/1
17709,A30
17708,A29/9
17707,A29/8
17706,A29/7
17705,A29/6
17704,A29/5
17703,A29/4
17702,A29/3
17701,A29/27
17700,A29/26
17699,A29/25
17698,A29/24
17697,A29/23
17696,A29/22
17695,A29/21
17694,A29/20
17693,A29/2
17692,A29/19
17691,A29/18
17690,A29/17
17689,A29/16
17688,A29/15
17687,A29/14
17686,A29/13
17685,A29/12
17684,A29/11
17683,A29/10
17682,A29/1
17681,A29
17680,A28/9
17679,A28/8
17678,A28/7
17677,A28/6
17676,A28/5
17675,A28/4
17674,A28/34
17673,A28/33
17672,A28/32
17671,A28/31
17670,A28/30
17669,A28/3
17668,A28/29
17667,A28/28
17666,A28/27
17665,A28/26
17664,A28/25
17663,A28/24
17662,A28/23
17661,A28/22
17660,A28/21
17659,A28/20
17658,A28/2
17657,A28/19
17656,A28/18
17655,A28/17
17654,A28/16
17653,A28/15
17652,A28/14
17651,A28/13
17650,A28/12
17649,A28/11
17648,A28/10
17647,A28/1
17646,A28
17645,A27/9
17644,A27/8
17643,A27/7
17642,A27/6
17641,A27/5
17640,A27/44
17639,A27/43
17638,A27/42
17637,A27/41
17636,A27/40
17635,A27/4
17634,A27/39
17633,A27/38
17632,A27/37
17631,A27/36
17630,A27/35
17629,A27/34
17628,A27/33
17627,A27/32
17626,A27/31
17625,A27/30
17624,A27/3
17623,A27/29
17622,A27/28
17621,A27/27
17620,A27/26
17619,A27/25
17618,A27/24
17617,A27/23
17616,A27/22
17615,A27/21
17614,A27/20
17613,A27/2
17612,A27/19
17611,A27/18
17610,A27/17
17609,A27/16
17608,A27/15
17607,A27/14
17606,A27/13
17605,A27/12
17604,A27/11
17603,A27/10
17602,A27/1
17601,A27
17600,A26/9
17599,A26/8
17598,A26/7
17597,A26/6
17596,A26/5
17595,A26/4
17594,A26/3
17593,A26/2
17592,A26/19
17591,A26/18
17590,A26/17
17589,A26/16
17588,A26/15
17587,A26/14
17586,A26/13
17585,A26/12
17584,A26/11
17583,A26/10
17582,A26/1
17581,A26
17580,A26-A37
17579,A22.7
17578,A22.6
17577,A22.5
17576,A22.4
17575,A22.3
17574,A22.2
17573,A22.1
17572,A22
17571,A22-A22
17570,A25/9
17569,A25.9
17568,A25/8
17567,A25.8
17566,A25/7
17565,A25.7
17564,A25/6
17563,A25.6
17562,A25/5
17561,A25.5
17560,A25/4
17559,A25.4
17558,A25/3
17557,A25.3
17556,A25/2
17555,A25.2
17554,A25/15
17553,A25.15
17552,A25/14
17551,A25.14
17550,A25/13
17549,A25.13
17548,A25/12
17547,A25.12
17546,A25/11
17545,A25.11
17544,A25/10
17543,A25.10
17542,A25/1
17541,A25.1
17540,A25
17539,A24/9
17538,A24/8
17537,A24/7
17536,A24/6
17535,A24/5
17534,A24/4
17533,A24/3
17532,A24/21
17531,A24/20
17530,A24/2
17529,A24/19
17528,A24/18
17527,A24/17
17526,A24/16
17525,A24/15
17524,A24/14
17523,A24/13
17522,A24/12
17521,A24/11
17520,A24/10
17519,A24/1
17518,A24
17517,A23.9/3
17516,A23.9/2
17515,A23.9/1
17514,A23.9
17513,A23.8/2
17512,A23.8/1
17511,A23.8
17510,A23.7
17509,A23.6
17508,A23.5
17507,A23.4
17506,A23.3
17505,A23.2
17504,A23.1
17503,A23
17502,A23-A25
17501,A21/9
17500,A21/8
17499,A21/7
17498,A21/6
17497,A21/5
17496,A21/4
17495,A21/3
17494,A21/2
17493,A21/1
17492,A21
17491,A20/8
17490,A20/7
17489,A20 (hors format boÃ®te)
17488,A20/6
17487,A20/5
17486,A20/4
17485,A20/3
17484,A20/2
17483,A20/1
17482,A20
17481,A19.9
17480,A19.8
17479,A19.7
17478,A19.6
17477,A19.5
17476,A19.4
17475,A19.3
17474,A19.20
17473,A19.2
17472,A19.19
17471,A19.18
17470,A19.17
17469,A19.16
17468,A19.15
17467,A19.14
17466,A19.13
17465,A19.12
17464,A19.11
17463,A19.10
17462,A19.1
17461,A19
17460,A18.3.3/1
17459,A18.3.3
17458,A18.3.2.c/1
17457,A18.3.2.c
17456,A18.3.2.b/3
17455,A18.3.2.b/2
17454,A18.3.2.b/1
17453,A18.3.2.b
17452,A18.3.2.a/3
17451,A18.3.2.a/2
17450,A18.3.2.a/1
17449,A18.3.2.a
17448,A18.3.2
17447,A18.3.1/9
17446,A18.3.1/8
17445,A18.3.1/7
17444,A18.3.1/6
17443,A18.3.1/5
17442,A18.3.1/4
17441,A18.3.1/3
17440,A18.3.1/2
17439,A18.3.1/1
17438,A18.3.1
17437,A18.3
17436,A18.2.3.e
17435,A18.2.3.d
17434,A18.2.3.c
17433,A18.2.3.b
17432,A18.2.3.a
17431,A18.2.3
17430,A18.2.2.e/2
17429,A18.2.2.e/1
17428,A18.2.2.e
17427,A18.2.2.d/2
17426,A18.2.2.d/1
17425,A18.2.2.d
17424,A18.2.2.c/3
17423,A18.2.2.c/2
17422,A18.2.2.c/1
17421,A18.2.2.c
17420,A18.2.2.b/3
17419,A18.2.2.b/2
17418,A18.2.2.b/1
17417,A18.2.2.b
17416,A18.2.2.a/1
17415,A18.2.2.a
17414,A18.2.2
17413,A18.2.1.b
17412,A18.2.1.a
17411,A18.2.1
17410,A18.2
17409,A18.1.6/1
17408,A18.1.6
17407,A18.1.5/1
17406,A18.1.5
17405,A18.1.4
17404,A18.1.3/2
17403,A18.1.3/1
17402,A18.1.3
17401,A18.1.2/2
17400,A18.1.2/1
17399,A18.1.2
17398,A18.1.1/3
17397,A18.1.1/2
17396,A18.1.1/1
17395,A18.1.1
17394,A18.1
17393,A18
17392,A18-A21
17391,A1-L4
17390,B5.2.7
17389,B5.2.6
17388,B5.2.5/9
17387,B5.2.5/8
17386,B5.2.5/7
17385,B5.2.5/6
17384,B5.2.5/5
17383,B5.2.5/4
17382,B5.2.5/3
17381,B5.2.5/2
17380,B5.2.5/12
17379,B5.2.5/11
17378,B5.2.5/10
17377,B5.2.5/1
17376,B5.2.5
17375,B5.2.4.d/9
17374,B5.2.4.d/8
17373,B5.2.4.d/7
17372,B5.2.4.d/6
17371,B5.2.4.d/5
17370,B5.2.4.d/4
17369,B5.2.4.d/3
17368,B5.2.4.d/2
17367,B5.2.4.d/17
17366,B5.2.4.d/16
17365,B5.2.4.d/15
17364,B5.2.4.d/14
17363,B5.2.4.d/13
17362,B5.2.4.d/12
17361,B5.2.4.d/11
17360,B5.2.4.d/10
17359,B5.2.4.d/1
17358,B5.2.4.d
17357,B5.2.4.c/2
17356,B5.2.4.c/1
17355,B5.2.4.c
17354,B5.2.4.b/3
17353,B5.2.4.b/2
17352,B5.2.4.b/1
17351,B5.2.4.b
17350,B5.2.4.a/4
17349,B5.2.4.a/3
17348,B5.2.4.a/2
17347,B5.2.4.a/1
17346,B5.2.4.a
17345,B5.2.4
17344,B5.2.3/3
17343,B5.2.3/2
17342,B5.2.3/1
17341,B5.2.3
17340,B5.2.2/6
17339,B5.2.2/5
17338,B5.2.2/4
17337,B5.2.2/3
17336,B5.2.2/2
17335,B5.2.2/1
17334,B5.2.2
17333,B5.2.1/9
17332,B5.2.1/8
17331,B5.2.1/7
17330,B5.2.1/6
17329,B5.2.1/5
17328,B5.2.1/4
17327,B5.2.1/3
17326,B5.2.1/24
17325,B5.2.1/23
17324,B5.2.1/22
17323,B5.2.1/21
17322,B5.2.1/20
17321,B5.2.1/2
17320,B5.2.1/19
17319,B5.2.1/18
17318,B5.2.1/17
17317,B5.2.1/16
17316,B5.2.1/15
17315,B5.2.1/14
17314,B5.2.1/13
17313,B5.2.1/12
17312,B5.2.1/11
17311,B5.2.1/10
17310,B5.2.1/1
17309,B5.2.1
17308,B5.2
17307,B5.1/8
17306,B5.1/7
17305,B5.1/6
17304,B5.1/5
17303,B5.1/4
17302,B5.1/3
17301,B5.1/2
17300,B5.1/1
17299,B5.1
17298,B5
17297,B5-B5
17296,B9.4
17295,B9.3/2
17294,B9.3/1
17293,B9.3
17292,B9.2/3
17291,B9.2/2
17290,B9.2/1
17289,B9.2
17288,B9.1/9
17287,B9.1/8
17286,B9.1/7
17285,B9.1/6
17284,B9.1/5
17283,B9.1/4
17282,B9.1/3
17281,B9.1/2
17280,B9.1/1
17279,B9.1
17278,B9
17277,B8.3/5
17276,B8.3/4
17275,B8.3/3
17274,B8.3/2
17273,B8.3/1
17272,B8.3
17271,B8.2
17270,B8.1/9
17269,B8.1/8
17268,B8.1/7
17267,B8.1/6
17266,B8.1/5
17265,B8.1/4
17264,B8.1/3
17263,B8.1/2
17262,B8.1/19
17261,B8.1/18
17260,B8.1/17
17259,B8.1/16
17258,B8.1/15
17257,B8.1/14
17256,B8.1/13
17255,B8.1/12
17254,B8.1/11
17253,B8.1/10
17252,B8.1/1
17251,B8.1
17250,B8
17249,B12.5.2/2
17248,B12.5.2/1
17247,B12.5.2
17246,B12.5.1/3
17245,B12.5.1/2
17244,B12.5.1/1
17243,B12.5.1
17242,B12.5
17241,B12.4.9
17240,B12.4.8
17239,B12.4.7
17238,B12.4.6
17237,B12.4.5
17236,B12.4.4
17235,B12.4.3
17234,B12.4.2.f/6
17233,B12.4.2.f/5
17232,B12.4.2.f/4
17231,B12.4.2.f/3
17230,B12.4.2.f/2
17229,B12.4.2.f/1
17228,B12.4.2.f
17227,B12.4.2.e/2
17226,B12.4.2.e/1
17225,B12.4.2.e
17224,B12.4.2.d
17223,B12.4.2.c
17222,B12.4.2.b/3
17221,B12.4.2.b/2
17220,B12.4.2.b/1
17219,B12.4.2.b
17218,B12.4.2.a/2
17217,B12.4.2.a/1
17216,B12.4.2.a
17215,B12.4.2
17214,B12.4.19
17213,B12.4.18/2
17212,B12.4.18/1
17211,B12.4.18
17210,B12.4.17.b/9
19209,A2bis.6
19208,A2bis.5.4
19207,A2bis.5.3/8
19206,A2bis.5.3/7
19205,A2bis.5.3/6
19204,A2bis.5.3/5
19203,A2bis.5.3/4
19202,A2bis.5.3/3
19201,A2bis.5.3/2
19200,A2bis.5.3/1
19199,A2bis.5.3
19198,A2bis.5.2/5
19197,A2bis.5.2/4
19196,A2bis.5.2/3
19195,A2bis.5.2/2
19194,A2bis.5.2/1
19193,A2bis.5.2
19192,A2bis.5.1/9
19191,A2bis.5.1/8
19190,A2bis.5.1/7
19189,A2bis.5.1/6
19188,A2bis.5.1/5
19187,A2bis.5.1/4
19186,A2bis.5.1/3
19185,A2bis.5.1/2
19184,A2bis.5.1/15
19183,A2bis.5.1/14
19182,A2bis.5.1/13
19181,A2bis.5.1/12
19180,A2bis.5.1/11
19179,A2bis.5.1/10
19178,A2bis.5.1/1
19177,A2bis.5.1
19176,A2bis.5
19175,A2bis.4
19174,A2bis.3
19173,A2bis.2
19172,A2bis.1.3/3
19171,A2bis.1.3/2
19170,A2bis.1.3/1
19169,A2bis.1.3
19168,A2bis.1.2/3
19167,A2bis.1.2/2
19166,A2bis.1.2/1
19165,A2bis.1.2
19164,A2bis.1.1.j/4
19163,A2bis.1.1.j/3
19162,A2bis.1.1.j/2
19161,A2bis.1.1.j/1
19160,A2bis.1.1.j
19159,A2bis.1.1.i/9
19158,A2bis.1.1.i/8
19157,A2bis.1.1.i/7
19156,A2bis.1.1.i/6
19155,A2bis.1.1.i/5
19154,A2bis.1.1.i/4
19153,A2bis.1.1.i/3
19152,A2bis.1.1.i/2
19151,A2bis.1.1.i/1
19150,A2bis.1.1.i
19149,A2bis.1.1.h/2
19148,A2bis.1.1.h/1
19147,A2bis.1.1.h
19146,A2bis.1.1.g/9
19145,A2bis.1.1.g/8
19144,A2bis.1.1.g/7
19143,A2bis.1.1.g/6
19142,A2bis.1.1.g/5
19141,A2bis.1.1.g/4
19140,A2bis.1.1.g/3
19139,A2bis.1.1.g/2
19138,A2bis.1.1.g/18
19137,A2bis.1.1.g/17
19136,A2bis.1.1.g/16
19135,A2bis.1.1.g/15
19134,A2bis.1.1.g/14
19133,A2bis.1.1.g/13
19132,A2bis.1.1.g/12
19131,A2bis.1.1.g/11
19130,A2bis.1.1.g/10
19129,A2bis.1.1.g/1
19128,A2bis.1.1.g
19127,A2bis.1.1.f/9
19126,A2bis.1.1.f/8
19125,A2bis.1.1.f/7
19124,A2bis.1.1.f/6
19123,A2bis.1.1.f/5
19122,A2bis.1.1.f/4
19121,A2bis.1.1.f/3
19120,A2bis.1.1.f/2
19119,A2bis.1.1.f/1
19118,A2bis.1.1.f
19117,A2bis.1.1.e/1
19116,A2bis.1.1.e
19115,A2bis.1.1.d/9
19114,A2bis.1.1.d/8
19113,A2bis.1.1.d/7
19112,A2bis.1.1.d/6
19111,A2bis.1.1.d/5
19110,A2bis.1.1.d/4
19109,A2bis.1.1.d/3
19108,A2bis.1.1.d/2
19107,A2bis.1.1.d/10
19106,A2bis.1.1.d/1
19105,A2bis.1.1.d
19104,A2bis.1.1.c/9
19103,A2bis.1.1.c/8
19102,A2bis.1.1.c/7
19101,A2bis.1.1.c/6
19100,A2bis.1.1.c/5
19099,A2bis.1.1.c/4
19098,A2bis.1.1.c/3
19097,A2bis.1.1.c/2
19096,A2bis.1.1.c/1
19095,A2bis.1.1.c
19094,A2bis.1.1.b/5
19093,A2bis.1.1.b/4
19092,A2bis.1.1.b/3
19091,A2bis.1.1.b/2
19090,A2bis.1.1.b/1
19089,A2bis.1.1.b
19088,A2bis.1.1.a/9
19087,A2bis.1.1.a/8
19086,A2bis.1.1.a/7
19085,A2bis.1.1.a/6
19084,A2bis.1.1.a/5
19083,A2bis.1.1.a/4
19082,A2bis.1.1.a/3
19081,A2bis.1.1.a/2
19080,A2bis.1.1.a/1
19079,A2bis.1.1.a
19078,A2bis.1.1
19077,A2bis.1
19076,A2bis
19075,A2.6.3
19074,A2.6.2
19073,A2.6.1
19072,A2.6
19071,A2.5/99
19070,A2.5/98
19069,A2.5/97
19068,A2.5/96
19067,A2.5/95
19066,A2.5/94
19065,A2.5/93
19064,A2.5/92
19063,A2.5/91
19062,A2.5/90
19061,A2.5/9
19060,A2.5/89
19059,A2.5/88
19058,A2.5/87
19057,A2.5/86
19056,A2.5/85
19055,A2.5/84
19054,A2.5/83
19053,A2.5/82
19052,A2.5/81
19051,A2.5/80
19050,A2.5/8
19049,A2.5/79
19048,A2.5/78
19047,A2.5/77
19046,A2.5/76
19045,A2.5/75
19044,A2.5/74
19043,A2.5/73
19042,A2.5/72
19041,A2.5/71
19040,A2.5/70
19039,A2.5/7
19038,A2.5/69
19037,A2.5/68
19036,A2.5/67
19035,A2.5/66
19034,A2.5/65
19033,A2.5/64
19032,A2.5/63
19031,A2.5/62
19030,A2.5/61
19029,A2.5/60
19028,A2.5/6
19027,A2.5/59
19026,A2.5/58
19025,A2.5/57
19024,A2.5/56
19023,A2.5/55
19022,A2.5/54
19021,A2.5/53
19020,A2.5/52
19019,A2.5/51
19018,A2.5/50
19017,A2.5/5
19016,A2.5/49
19015,A2.5/48
19014,A2.5/47
19013,A2.5/46
19012,A2.5/45
19011,A2.5/44
19010,A2.5/43
19009,A2.5/42
19008,A2.5/41
19007,A2.5/40
19006,A2.5/4
19005,A2.5/39
19004,A2.5/38
19003,A2.5/37
19002,A2.5/36
19001,A2.5/35
19000,A2.5/34
18999,A2.5/33
18998,A2.5/32
18997,A2.5/31
18996,A2.5/30
18995,A2.5/3
18994,A2.5/29
18993,A2.5/28
18992,A2.5/27
18991,A2.5/26
18990,A2.5/25
18989,A2.5/24
18988,A2.5/23
18987,A2.5/22
18986,A2.5/21
18985,A2.5/20
18984,A2.5/2
18983,A2.5/19
18982,A2.5/18
18981,A2.5/17
18980,A2.5/16
18979,A2.5/15
18978,A2.5/14
18977,A2.5/132
18976,A2.5/131
18975,A2.5/130
18974,A2.5/13
18973,A2.5/129
18972,A2.5/128
18971,A2.5/127
18970,A2.5/126
18969,A2.5/125
18968,A2.5/124
18967,A2.5/123
18966,A2.5/122
18965,A2.5/121
18964,A2.5/120
18963,A2.5/12
18962,A2.5/119
18961,A2.5/118
18960,A2.5/117
18959,A2.5/116
18958,A2.5/115
18957,A2.5/114
18956,A2.5/113
18955,A2.5/112
18954,A2.5/111
18953,A2.5/110
18952,A2.5/11
18951,A2.5/109
18950,A2.5/108
18949,A2.5/107
18948,A2.5/106
18947,A2.5/105
18946,A2.5/104
18945,A2.5/103
18944,A2.5/102
18943,A2.5/101
18942,A2.5/100
18941,A2.5/10
18940,A2.5/1
18939,A2.5
18938,A2.4.2.e/9
18937,A2.4.2.e/8
18936,A2.4.2.e/7
18935,A2.4.2.e/6
18934,A2.4.2.e/54
18933,A2.4.2.e/53
18932,A2.4.2.e/52
18931,A2.4.2.e/51
18930,A2.4.2.e/50
18929,A2.4.2.e/5
18928,A2.4.2.e/49
18927,A2.4.2.e/48
18926,A2.4.2.e/47
18925,A2.4.2.e/46
18924,A2.4.2.e/45
18923,A2.4.2.e/44
18922,A2.4.2.e/43
18921,A2.4.2.e/42
18920,A2.4.2.e/41
18919,A2.4.2.e/40
18918,A2.4.2.e/4
18917,A2.4.2.e/39
18916,A2.4.2.e/38
18915,A2.4.2.e/37
18914,A2.4.2.e/36
18913,A2.4.2.e/35
18912,A2.4.2.e/34
18911,A2.4.2.e/33
18910,A2.4.2.e/32
18909,A2.4.2.e/31
18908,A2.4.2.e/30
18907,A2.4.2.e/3
18906,A2.4.2.e/29
18905,A2.4.2.e/28
18904,A2.4.2.e/27
18903,A2.4.2.e/26
18902,A2.4.2.e/25
18901,A2.4.2.e/24
18900,A2.4.2.e/23
18899,A2.4.2.e/22
18898,A2.4.2.e/21
18897,A2.4.2.e/20
18896,A2.4.2.e/2
18895,A2.4.2.e/19
18894,A2.4.2.e/18
18893,A2.4.2.e/17
18892,A2.4.2.e/16
18891,A2.4.2.e/15
18890,A2.4.2.e/14
18889,A2.4.2.e/13
18888,A2.4.2.e/12
18887,A2.4.2.e/11
18886,A2.4.2.e/10
18885,A2.4.2.e/1
18884,A2.4.2.e
18883,A2.4.2.d/9
18882,A2.4.2.d/8
18881,A2.4.2.d/7
18880,A2.4.2.d/6
18879,A2.4.2.d/5
18878,A2.4.2.d/4
18877,A2.4.2.d/3
18876,A2.4.2.d/23
18875,A2.4.2.d/22
18874,A2.4.2.d/21
18873,A2.4.2.d/20
18872,A2.4.2.d/2
18871,A2.4.2.d/19
18870,A2.4.2.d/18
18869,A2.4.2.d/17
18868,A2.4.2.d/16
18867,A2.4.2.d/15
18866,A2.4.2.d/14
18865,A2.4.2.d/13
18864,A2.4.2.d/12
18863,A2.4.2.d/11
18862,A2.4.2.d/10
18861,A2.4.2.d/1
18860,A2.4.2.d
18859,A2.4.2.c/9
18858,A2.4.2.c/8
18857,A2.4.2.c/7
18856,A2.4.2.c/6
18855,A2.4.2.c/5
18854,A2.4.2.c/4
18853,A2.4.2.c/3
18852,A2.4.2.c/2
18851,A2.4.2.c/18
18850,A2.4.2.c/17
18849,A2.4.2.c/16
18848,A2.4.2.c/15
18847,A2.4.2.c/14
18846,A2.4.2.c/13
18845,A2.4.2.c/12
18844,A2.4.2.c/11
18843,A2.4.2.c/10
18842,A2.4.2.c/1
18841,A2.4.2.c
18840,A2.4.2.b/9
18839,A2.4.2.b/8
18838,A2.4.2.b/7
18837,A2.4.2.b/6
18836,A2.4.2.b/5
18835,A2.4.2.b/44
18834,A2.4.2.b/43
18833,A2.4.2.b/42
18832,A2.4.2.b/41
18831,A2.4.2.b/40
18830,A2.4.2.b/4
18829,A2.4.2.b/39
18828,A2.4.2.b/38
18827,A2.4.2.b/37
18826,A2.4.2.b/36
18825,A2.4.2.b/35
18824,A2.4.2.b/34
18823,A2.4.2.b/33
18822,A2.4.2.b/32
18821,A2.4.2.b/31
18820,A2.4.2.b/30
18819,A2.4.2.b/3
18818,A2.4.2.b/29
18817,A2.4.2.b/28
18816,A2.4.2.b/27
18815,A2.4.2.b/26
18814,A2.4.2.b/25
18813,A2.4.2.b/24
18812,A2.4.2.b/23
18811,A2.4.2.b/22
18810,A2.4.2.b/21
18809,A2.4.2.b/20
18808,A2.4.2.b/2
18807,A2.4.2.b/19
18806,A2.4.2.b/18
18805,A2.4.2.b/17
18804,A2.4.2.b/16
18803,A2.4.2.b/15
18802,A2.4.2.b/14
18801,A2.4.2.b/13
18800,A2.4.2.b/12
18799,A2.4.2.b/11
18798,A2.4.2.b/10
18797,A2.4.2.b/1
18796,A2.4.2.b
18795,A2.4.2.a/9
18794,A2.4.2.a/8
18793,A2.4.2.a/7
18792,A2.4.2.a/6
18791,A2.4.2.a/5
18790,A2.4.2.a/4
18789,A2.4.2.a/30
18788,A2.4.2.a/3
18787,A2.4.2.a/29
18786,A2.4.2.a/28
18785,A2.4.2.a/27
18784,A2.4.2.a/26
18783,A2.4.2.a/25
18782,A2.4.2.a/24
18781,A2.4.2.a/23
18780,A2.4.2.a/22
18779,A2.4.2.a/21
18778,A2.4.2.a/20
18777,A2.4.2.a/2
18776,A2.4.2.a/19
18775,A2.4.2.a/18
18774,A2.4.2.a/17
18773,A2.4.2.a/16
18772,A2.4.2.a/15
18771,A2.4.2.a/14
18770,A2.4.2.a/13
18769,A2.4.2.a/12
18768,A2.4.2.a/11
18767,A2.4.2.a/10
18766,A2.4.2.a/1
18765,A2.4.2.a
18764,A2.4.2
18763,A2.4.1/4
18762,A2.4.1/3
18761,A2.4.1/2
18760,A2.4.1/1
18759,A2.4.1
18758,A2.4
18757,A2.3/97
18756,A2.3/96
18755,A2.3/95
18754,A2.3/94
18753,A2.3/93
18752,A2.3/92
18751,A2.3/91
18750,A2.3/90
18749,A2.3/9
18748,A2.3/89
18747,A2.3/88
18746,A2.3/87
18745,A2.3/86
18744,A2.3/85
18743,A2.3/84
18742,A2.3/83
18741,A2.3/82
18740,A2.3/81
18739,A2.3/80
18738,A2.3/8
18737,A2.3/79
18736,A2.3/78
18735,A2.3/77
18734,A2.3/76
18733,A2.3/75
18732,A2.3/74
18731,A2.3/73
18730,A2.3/72
18729,A2.3/71
18728,A2.3/70
18727,A2.3/7
18726,A2.3/69
18725,A2.3/68
18724,A2.3/67
18723,A2.3/66
18722,A2.3/65
18721,A2.3/64
18720,A2.3/63
18719,A2.3/62
18718,A2.3/61
18717,A2.3/60
18716,A2.3/6
18715,A2.3/59
18714,A2.3/58
18713,A2.3/57
18712,A2.3/56
18711,A2.3/55
18710,A2.3/54
18709,A2.3/53
18708,A2.3/52
18707,A2.3/51
18706,A2.3/50
18705,A2.3/5
18704,A2.3/49
18703,A2.3/48
18702,A2.3/47
18701,A2.3/46
18700,A2.3/45
18699,A2.3/44
18698,A2.3/43
18697,A2.3/42
18696,A2.3/41
18695,A2.3/40
18694,A2.3/4
18693,A2.3/39
18692,A2.3/38
18691,A2.3/37
18690,A2.3/36
18689,A2.3/35
18688,A2.3/34
18687,A2.3/33
18686,A2.3/32
18685,A2.3/31
18684,A2.3/30
18683,A2.3/3
18682,A2.3/29
18681,A2.3/28
18680,A2.3/27
18679,A2.3/26
18678,A2.3/25
18677,A2.3/24
18676,A2.3/23
18675,A2.3/22
18674,A2.3/21
18673,A2.3/20
18672,A2.3/2
18671,A2.3/19
18670,A2.3/18
18669,A2.3/17
18668,A2.3/16
18667,A2.3/15
18666,A2.3/14
18665,A2.3/13
18664,A2.3/12
18663,A2.3/11
18662,A2.3/10
18661,A2.3/1
18660,A2.3
18659,A2.2/99
18658,A2.2/98
18657,A2.2/97
18656,A2.2/96
18655,A2.2/95
18654,A2.2/94
18653,A2.2/93
18652,A2.2/92
18651,A2.2/91
18650,A2.2/90
18649,A2.2/9
18648,A2.2/89
18647,A2.2/88
18646,A2.2/87
18645,A2.2/86
18644,A2.2/85
18643,A2.2/84
18642,A2.2/83
18641,A2.2/82
18640,A2.2/81
18639,A2.2/80
18638,A2.2/8
18637,A2.2/79
18636,A2.2/78
18635,A2.2/77
18634,A2.2/76
18633,A2.2/75
18632,A2.2/74
18631,A2.2/73
18630,A2.2/72
18629,A2.2/71
18628,A2.2/70
18627,A2.2/7
18626,A2.2/69
18625,A2.2/68
18624,A2.2/67
18623,A2.2/66
18622,A2.2/65
18621,A2.2/64
18620,A2.2/63
18619,A2.2/62
18618,A2.2/61
18617,A2.2/60
18616,A2.2/6
18615,A2.2/59
18614,A2.2/58
18613,A2.2/57
18612,A2.2/56
18611,A2.2/55
18610,A2.2/54
18609,A2.2/53
18608,A2.2/52
18607,A2.2/51
18606,A2.2/50
18605,A2.2/5
18604,A2.2/49
18603,A2.2/48
18602,A2.2/47
18601,A2.2/46
18600,A2.2/45
18599,A2.2/44
18598,A2.2/43
18597,A2.2/42
18596,A2.2/41
18595,A2.2/40
18594,A2.2/4
18593,A2.2/39
18592,A2.2/38
18591,A2.2/37
18590,A2.2/36
18589,A2.2/35
18588,A2.2/34
18587,A2.2/33
18586,A2.2/32
18585,A2.2/31
18584,A2.2/30
18583,A2.2/3
18582,A2.2/29
18581,A2.2/28
18580,A2.2/27
18579,A2.2/26
18578,A2.2/25
18577,A2.2/24
18576,A2.2/23
18575,A2.2/22
18574,A2.2/21
18573,A2.2/20
18572,A2.2/2
18571,A2.2/19
18570,A2.2/18
18569,A2.2/17
18568,A2.2/16
18567,A2.2/15
18566,A2.2/14
18565,A2.2/132
18564,A2.2/131
18563,A2.2/130
18562,A2.2/13
18561,A2.2/129
18560,A2.2/128
18559,A2.2/127
18558,A2.2/126
18557,A2.2/125
18556,A2.2/124
18555,A2.2/123
18554,A2.2/122
18553,A2.2/121
18552,A2.2/120
18551,A2.2/12
18550,A2.2/119
18549,A2.2/118
18548,A2.2/117
18547,A2.2/116
18546,A2.2/115
18545,A2.2/114
18544,A2.2/113
18543,A2.2/112
18542,A2.2/111
18541,A2.2/110
18540,A2.2/11
18539,A2.2/109
18538,A2.2/108
18537,A2.2/107
18536,A2.2/106
18535,A2.2/105
18534,A2.2/104
18533,A2.2/103
18532,A2.2/102
18531,A2.2/101
18530,A2.2/100
18529,A2.2/10
18528,A2.2/1
18527,A2.2
18526,A2.1/9
18525,A2.1/8
18524,A2.1/7
18523,A2.1/6
18522,A2.1/5
18521,A2.1/4
18520,A2.1/34
18519,A2.1/33
18518,A2.1/32
18517,A2.1/31
18516,A2.1/30
18515,A2.1/3
18514,A2.1/29
18513,A2.1/28
18512,A2.1/27
18511,A2.1/26
18510,A2.1/25
18509,A2.1/24
18508,A2.1/23
18507,A2.1/22
18506,A2.1/21
18505,A2.1/20
18504,A2.1/2
18503,A2.1/19
18502,A2.1/18
18501,A2.1/17
18500,A2.1/16
18499,A2.1/15
18498,A2.1/14
18497,A2.1/13
18496,A2.1/12
18495,A2.1/11
18494,A2.1/10
18493,A2.1/1
18492,A2.1
18491,A2
18490,A1.1.8.E/9
18489,A1.1.8.E/8
18488,A1.1.8.E/7
18487,A1.1.8.E/6
18486,A1.1.8.E/5
18485,A1.1.8.E/4
18484,A1.1.8.E/3
18483,A1.1.8.E/2
18482,A1.1.8.E/17
18481,A1.1.8.E/16
18480,A1.1.8.E/15
18479,A1.1.8.E/14
18478,A1.1.8.E/13
18477,A1.1.8.E/12
18476,A1.1.8.E/11
18475,A1.1.8.E/10
18474,A1.1.8.E/1
18473,A1.1.8.E
18472,A1.1.8.D/9
18471,A1.1.8.D/8
18470,A1.1.8.D/7
18469,A1.1.8.D/6
18468,A1.1.8.D/5
18467,A1.1.8.D/4
18466,A1.1.8.D/3
18465,A1.1.8.D/2
18464,A1.1.8.D/13
18463,A1.1.8.D/12
18462,A1.1.8.D/11
18461,A1.1.8.D/10
18460,A1.1.8.D/1
18459,A1.1.8.D
18458,A1.1.8.C/5
18457,A1.1.8.C/4
18456,A1.1.8.C/3
18455,A1.1.8.C/2
18454,A1.1.8.C/1
18453,A1.1.8.C
18452,A1.1.8.B/9
18451,A1.1.8.B/8
18450,A1.1.8.B/7
18449,A1.1.8.B/6
18448,A1.1.8.B/5
18447,A1.1.8.B/4
18446,A1.1.8.B/3
18445,A1.1.8.B/22
18444,A1.1.8.B/21
18443,A1.1.8.B/20
18442,A1.1.8.B/2
18441,A1.1.8.B/19
18440,A1.1.8.B/18
18439,A1.1.8.B/17
18438,A1.1.8.B/16
18437,A1.1.8.B/15
18436,A1.1.8.B/14
18435,A1.1.8.B/13
18434,A1.1.8.B/12
18433,A1.1.8.B/11
18432,A1.1.8.B/10
18431,A1.1.8.B/1
18430,A1.1.8.B
18429,A1.1.8.A/3
18428,A1.1.8.A/2
18427,A1.1.8.A
18426,A1.1.8
18425,A1.1.8.A/1
18424,A1.1.7/6
18423,A1.1.7/5
18422,A1.1.7/4
18421,A1.1.7/3
18420,A1.1.7/2
18419,A1.1.7/1
18418,A1.1.7
18417,A1.1.6.B/9
18416,A1.1.6.B/8
18415,A1.1.6.B/7
18414,A1.1.6.B/6
18413,A1.1.6.B/5
18412,A1.1.6.B/4
18411,A1.1.6.B/3
18410,A1.1.6.B/2
18409,A1.1.6.B/19
18408,A1.1.6.B/18
18407,A1.1.6.B/17
18406,A1.1.6.B/16
18405,A1.1.6.B/15
18404,A1.1.6.B/14
18403,A1.1.6.B/13
18402,A1.1.6.B/12
18401,A1.1.6.B/11
18400,A1.1.6.B/10
18399,A1.1.6.B/1
18398,A1.1.6.B
18397,A1.1.6.A/3
18396,A1.1.6.A/2
18395,A1.1.6.A/1
18394,A1.1.6.A
18393,A1.1.6
18392,A1.1.5/4
18391,A1.1.5/3
18390,A1.1.5/2
18389,A1.1.5/1
18388,A1.1.5
18387,A1.1.4/9
18386,A1.1.4/8
18385,A1.1.4/7
18384,A1.1.4/6
18383,A1.1.4/5
18382,A1.1.4/4
18381,A1.1.4/3
18380,A1.1.4/2
18379,A1.1.4/14
18378,A1.1.4/13
18377,A1.1.4/12
18376,A1.1.4/11
18375,A1.1.4/10
18374,A1.1.4/1
18373,A1.1.4
18372,A1.1.3/9
18371,A1.1.3/8
18370,A1.1.3/7
18369,A1.1.3/6
18368,A1.1.3/51
18367,A1.1.3/50
18366,A1.1.3/5
18365,A1.1.3/49
18364,A1.1.3/48
18363,A1.1.3/47
18362,A1.1.3/46
18361,A1.1.3/45
18360,A1.1.3/44
18359,A1.1.3/43
18358,A1.1.3/42
18357,A1.1.3/41
18356,A1.1.3/40
18355,A1.1.3/4
18354,A1.1.3/39
18353,A1.1.3/38
18352,A1.1.3/37
18351,A1.1.3/36
18350,A1.1.3/35
18349,A1.1.3/34
18348,A1.1.3/33
18347,A1.1.3/32
18346,A1.1.3/31
18345,A1.1.3/30
18344,A1.1.3/3
18343,A1.1.3/29
18342,A1.1.3/28
18341,A1.1.3/27
18340,A1.1.3/26
18339,A1.1.3/25
18338,A1.1.3/24
18337,A1.1.3/23
18336,A1.1.3/22
18335,A1.1.3/21
18334,A1.1.3/20
18333,A1.1.3/2
18332,A1.1.3/19
18331,A1.1.3/18
18330,A1.1.3/17
18329,A1.1.3/16
18328,A1.1.3/15
18327,A1.1.3/14
18326,A1.1.3/13
18325,A1.1.3/12
18324,A1.1.3/11
18323,A1.1.3/10
18322,A1.1.3/1
18321,A1.1.3
18320,A1.1.2.C/6
18319,A1.1.2.C/5
18318,A1.1.2.C/4
18317,A1.1.2.C/3
18316,A1.1.2.C/2
18315,A1.1.2.C/1
18314,A1.1.2.C
18313,A1.1.2.B/9
18312,A1.1.2.B/8
18311,A1.1.2.B/7
18310,A1.1.2.B/6
18309,A1.1.2.B/5
18308,A1.1.2.B/4
18307,A1.1.2.B/3
18306,A1.1.2.B/2
18305,A1.1.2.B/1
18304,A1.1.2.B
18303,A1.1.2.A/1
18302,A1.1.2.A
18301,A1.1.2
18300,A1.1.1/4
18299,A1.1.1/3
18298,A1.1.1/2
18297,A1.1.1/1
18296,A1.1.1
18295,A1.1
18294,A1
18293,A1-A5
18292,A9.2
18291,A9.1
18290,A9
18289,A8.1
18288,A8
18287,A7.3
18286,A7.2
18285,A7.1
18284,A7
18283,A6.3
18282,A6.2
18281,A6.1
18280,A6
18279,A14b.8
18278,A14b.7
18277,A14b.6
18276,A14b.5
18275,A14b.4
18274,A14b.3
18273,A14b.2
18272,A14b.1
18271,A14bis
18270,A14.8
18269,A14.7/6
18268,A14.7/5
18267,A14.7/4
18266,A14.7/3
18265,A14.7/2
18264,A14.7/1
18263,A14.7
18262,A14.6.7
18261,A14.6.6
18260,A14.6.5
18259,A14.6.4
18258,A14.6.3
18257,A14.6.2
18256,A14.6.1
18255,A14.6
18254,A14.5
18253,A14.4
18252,A14.3.2
18251,A14.3.1
18250,A14.3
18249,A14.2.2
18248,A14.2.1
18247,A14.2
18246,A14.1.4
18245,A14.1.3
18244,A14.1.2
18243,A14.1.1
18242,A14.1
18241,A14
18240,A13.7
18239,A13.6/6
18238,A13.6/5
18237,A13.6/4
18236,A13.6/3
18235,A13.6/2
18234,A13.6/1
18233,A13.6
18232,A13.5
18231,A13.4
18230,A13.3
18229,A13.2
18228,A13.1
18227,A13
18226,A12.4
18225,A12.3.4
18224,A12.3.3
18223,A12.3.2
18222,A12.3.1
18221,A12.3
18220,A12.2
18219,A12.1
18218,A12
18217,A11.2
18216,A11.1
18215,A11
18214,A10.9
18213,A10.8
18212,A10.7
18211,A10.6
18210,A10.5
20209,F4.4.2/22
20208,F4.4.2/21
20207,F4.4.2/20
20206,F4.4.2/2
20205,F4.4.2/19
20204,F4.4.2/18
20203,F4.4.2/17
20202,F4.4.2/16
20201,F4.4.2/15
20200,F4.4.2/14
20199,F4.4.2/13
20198,F4.4.2/12
20197,F4.4.2/11
20196,F4.4.2/102
20195,F4.4.2/101
20194,F4.4.2/100
20193,F4.4.2/10
20192,F4.4.2/1
20191,F4.4.2
20190,F4.4.1/9
20189,F4.4.1/8
20188,F4.4.1/7
20187,F4.4.1/6
20186,F4.4.1/5
20185,F4.4.1/4
20184,F4.4.1/3
20183,F4.4.1/29
20182,F4.4.1/28
20181,F4.4.1/27
20180,F4.4.1/26
20179,F4.4.1/25
20178,F4.4.1/24
20177,F4.4.1/23
20176,F4.4.1/22
20175,F4.4.1/21
20174,F4.4.1/20
20173,F4.4.1/2
20172,F4.4.1/19
20171,F4.4.1/18
20170,F4.4.1/17
20169,F4.4.1/16
20168,F4.4.1/15
20167,F4.4.1/14
20166,F4.4.1/13
20165,F4.4.1/12
20164,F4.4.1/11
20163,F4.4.1/10
20162,F4.4.1/1
20161,F4.4.1
20160,F4.4
20159,F4.3.7/9
20158,F4.3.7/8
20157,F4.3.7/7
20156,F4.3.7/6
20155,F4.3.7/5
20154,F4.3.7/4
20153,F4.3.7/3
20152,F4.3.7/2
20151,F4.3.7/12
20150,F4.3.7/11
20149,F4.3.7/10
20148,F4.3.7/1
20147,F4.3.7
20146,F4.3.6/8
20145,F4.3.6/7
20144,F4.3.6/6
20143,F4.3.6/5
20142,F4.3.6/4
20141,F4.3.6/3
20140,F4.3.6/2
20139,F4.3.6/1
20138,F4.3.6
20137,F4.3.5/9
20136,F4.3.5/8
20135,F4.3.5/7
20134,F4.3.5/6
20133,F4.3.5/5
20132,F4.3.5/4
20131,F4.3.5/3
20130,F4.3.5/2
20129,F4.3.5/14
20128,F4.3.5/13
20127,F4.3.5/12
20126,F4.3.5/11
20125,F4.3.5/10
20124,F4.3.5/1
20123,F4.3.5
20122,F4.3.4/9
20121,F4.3.4/8
20120,F4.3.4/7
20119,F4.3.4/6
20118,F4.3.4/5
20117,F4.3.4/4
20116,F4.3.4/3
20115,F4.3.4/2
20114,F4.3.4/16
20113,F4.3.4/15
20112,F4.3.4/14
20111,F4.3.4/13
20110,F4.3.4/12
20109,F4.3.4/11
20108,F4.3.4/10
20107,F4.3.4/1
20106,F4.3.4
20105,F4.3.3/4
20104,F4.3.3/3
20103,F4.3.3/2
20102,F4.3.3/1
20101,F4.3.3
20100,F4.3.2/9
20099,F4.3.2/8
20098,F4.3.2/7
20097,F4.3.2/6
20096,F4.3.2/5
20095,F4.3.2/4
20094,F4.3.2/3
20093,F4.3.2/2
20092,F4.3.2/16
20091,F4.3.2/15
20090,F4.3.2/14
20089,F4.3.2/13
20088,F4.3.2/12
20087,F4.3.2/11
20086,F4.3.2/10
20085,F4.3.2/1
20084,F4.3.2
20083,F4.3.1/9
20082,F4.3.1/8
20081,F4.3.1/7
20080,F4.3.1/6
20079,F4.3.1/5
20078,F4.3.1/4
20077,F4.3.1/3
20076,F4.3.1/23
20075,F4.3.1/22
20074,F4.3.1/21
20073,F4.3.1/20
20072,F4.3.1/2
20071,F4.3.1/19
20070,F4.3.1/18
20069,F4.3.1/17
20068,F4.3.1/16
20067,F4.3.1/15
20066,F4.3.1/14
20065,F4.3.1/13
20064,F4.3.1/12
20063,F4.3.1/11
20062,F4.3.1/10
20061,F4.3.1/1
20060,F4.3.1
20059,F4.3
20058,F4.2.9/9
20057,F4.2.9/8
20056,F4.2.9/7
20055,F4.2.9/6
20054,F4.2.9/5
20053,F4.2.9/4
20052,F4.2.9/3
20051,F4.2.9/24
20050,F4.2.9/23
20049,F4.2.9/22
20048,F4.2.9/21
20047,F4.2.9/20
20046,F4.2.9/2
20045,F4.2.9/19
20044,F4.2.9/18
20043,F4.2.9/17
20042,F4.2.9/16
20041,F4.2.9/15
20040,F4.2.9/14
20039,F4.2.9/13
20038,F4.2.9/12
20037,F4.2.9/11
20036,F4.2.9/10
20035,F4.2.9/1
20034,F4.2.9
20033,F4.2.8/9
20032,F4.2.8/8
20031,F4.2.8/7
20030,F4.2.8/6
20029,F4.2.8/5
20028,F4.2.8/4
20027,F4.2.8/3
20026,F4.2.8/2
20025,F4.2.8/14
20024,F4.2.8/13
20023,F4.2.8/12
20022,F4.2.8/11
20021,F4.2.8/10
20020,F4.2.8/1
20019,F4.2.8
20018,F4.2.7/4
20017,F4.2.7/3
20016,F4.2.7/2
20015,F4.2.7/1
20014,F4.2.7
20013,F4.2.6/3
20012,F4.2.6/2
20011,F4.2.6/1
20010,F4.2.6
20009,F4.2.5/6
20008,F4.2.5/5
20007,F4.2.5/4
20006,F4.2.5/3
20005,F4.2.5/2
20004,F4.2.5/1
20003,F4.2.5
20002,F4.2.4/2
20001,F4.2.4/1
20000,F4.2.4
19999,F4.2.3/4
19998,F4.2.3/3
19997,F4.2.3/2
19996,F4.2.3/1
19995,F4.2.3
19994,F4.2.2/4
19993,F4.2.2/3
19992,F4.2.2/2
19991,F4.2.2/1
19990,F4.2.2
19989,F4.2.19/9
19988,F4.2.19/8
19987,F4.2.19/7
19986,F4.2.19/6
19985,F4.2.19/5
19984,F4.2.19/40
19983,F4.2.19/4
19982,F4.2.19/39
19981,F4.2.19/38
19980,F4.2.19/37
19979,F4.2.19/36
19978,F4.2.19/35
19977,F4.2.19/34
19976,F4.2.19/33
19975,F4.2.19/32
19974,F4.2.19/31
19973,F4.2.19/30
19972,F4.2.19/3
19971,F4.2.19/29
19970,F4.2.19/28
19969,F4.2.19/27
19968,F4.2.19/26
19967,F4.2.19/25
19966,F4.2.19/24
19965,F4.2.19/23
19964,F4.2.19/22
19963,F4.2.19/21
19962,F4.2.19/20
19961,F4.2.19/2
19960,F4.2.19/19
19959,F4.2.19/18
19958,F4.2.19/17
19957,F4.2.19/16
19956,F4.2.19/15
19955,F4.2.19/14
19954,F4.2.19/13
19953,F4.2.19/12
19952,F4.2.19/11
19951,F4.2.19/10
19950,F4.2.19/1
19949,F4.2.19
19948,F4.2.18/9
19947,F4.2.18/8
19946,F4.2.18/7
19945,F4.2.18/6
19944,F4.2.18/5
19943,F4.2.18/4
19942,F4.2.18/3
19941,F4.2.18/2
19940,F4.2.18/10
19939,F4.2.18/1
19938,F4.2.18
19937,F4.2.17/2
19936,F4.2.17/1
19935,F4.2.17
19934,F4.2.16/7
19933,F4.2.16/6
19932,F4.2.16/5
19931,F4.2.16/4
19930,F4.2.16/3
19929,F4.2.16/2
19928,F4.2.16/1
19927,F4.2.16
19926,F4.2.15/2
19925,F4.2.15/1
19924,F4.2.15
19923,F4.2.14/3
19922,F4.2.14/2
19921,F4.2.14/1
19920,F4.2.14
19919,F4.2.13/3
19918,F4.2.13/2
19917,F4.2.13/1
19916,F4.2.13
19915,F4.2.12/2
19914,F4.2.12/1
19913,F4.2.12
19912,F4.2.11/8
19911,F4.2.11/7
19910,F4.2.11/6
19909,F4.2.11/5
19908,F4.2.11/4
19907,F4.2.11/3
19906,F4.2.11/2
19905,F4.2.11/1
19904,F4.2.11
19903,F4.2.10/1
19902,F4.2.10
19901,F4.2.1/2
19900,F4.2.1/1
19899,F4.2.1
19898,F4.2
19897,F4.1.7/9
19896,F4.1.7/8
19895,F4.1.7/7
19894,F4.1.7/6
19893,F4.1.7/5
19892,F4.1.7/4
19891,F4.1.7/3
19890,F4.1.7/2
19889,F4.1.7/13
19888,F4.1.7/12
19887,F4.1.7/11
19886,F4.1.7/10
19885,F4.1.7/1
19884,F4.1.7
19883,F4.1.6/9
19882,F4.1.6/8
19881,F4.1.6/7
19880,F4.1.6/6
19879,F4.1.6/5
19878,F4.1.6/4
19877,F4.1.6/3
19876,F4.1.6/2
19875,F4.1.6/1
19874,F4.1.6
19873,F4.1.5/1
19872,F4.1.5
19871,F4.1.4/2
19870,F4.1.4/1
19869,F4.1.4
19868,F4.1.3/9
19867,F4.1.3/8
19866,F4.1.3/7
19865,F4.1.3/6
19864,F4.1.3/5
19863,F4.1.3/4
19862,F4.1.3/3
19861,F4.1.3/21
19860,F4.1.3/20
19859,F4.1.3/2
19858,F4.1.3/19
19857,F4.1.3/18
19856,F4.1.3/17
19855,F4.1.3/16
19854,F4.1.3/15
19853,F4.1.3/14
19852,F4.1.3/13
19851,F4.1.3/12
19850,F4.1.3/11
19849,F4.1.3/10
19848,F4.1.3/1
19847,F4.1.3
19846,F4.1.2/7
19845,F4.1.2/6
19844,F4.1.2/5
19843,F4.1.2/4
19842,F4.1.2/3
19841,F4.1.2/2
19840,F4.1.2/1
19839,F4.1.2
19838,F4.1.1/1
19837,F4.1.1
19836,F4.1
19835,F4
19834,F4-F6
19833,F3.9
19832,F3.8
19831,F3.7
19830,F3.6
19829,F3.5
19828,F3.4
19827,F3.3
19826,F3.2
19825,F3.10
19824,F3.1
19823,F3
19822,F3-F3
19821,F2.9
19820,F2.8
19819,F2.7
19818,F2.6
19817,F2.5
19816,F2.4
19815,F2.3
19814,F2.2
19813,F2.1
19812,F2
19811,F1.9
19810,F1.8
19809,F1.7
19808,F1.6
19807,F1.5
19806,F1.4
19805,F1.3
19804,F1.2
19803,F1.13/3
19802,F1.13/2
19801,F1.13/1
19800,F1.13
19799,F1.12/9
19798,F1.12/8
19797,F1.12/7
19796,F1.12/6
19795,F1.12/5
19794,F1.12/4
19793,F1.12/3
19792,F1.12/2
19791,F1.12/1
19790,F1.12
19789,F1.11/9
19788,F1.11/8
19787,F1.11/7
19786,F1.11/6
19785,F1.11/5
19784,F1.11/4
19783,F1.11/3
19782,F1.11/28
19781,F1.11/27
19780,F1.11/26
19779,F1.11/25
19778,F1.11/24
19777,F1.11/23
19776,F1.11/22
19775,F1.11/21
19774,F1.11/20
19773,F1.11/2
19772,F1.11/19
19771,F1.11/18
19770,F1.11/17
19769,F1.11/16
19768,F1.11/15
19767,F1.11/14
19766,F1.11/13
19765,F1.11/12
19764,F1.11/11
19763,F1.11/10
19762,F1.11/1
19761,F1.11
19760,F1.10/9
19759,F1.10/8
19758,F1.10/7
19757,F1.10/6
19756,F1.10/5
19755,F1.10/4
19754,F1.10/3
19753,F1.10/2
19752,F1.10/12
19751,F1.10/11
19750,F1.10/10
19749,F1.10/1
19748,F1.10
19747,F1.1
19746,F1
19745,F1-F2
19744,F1-F6
19743,PLA1/P2
19742,PLA1/P1
19741,PLA1
19740,PLA1-PLA1
19739,CSB9/C9
19738,CSB9/C18
19737,CSB9
19736,CSB8/C8
19735,CSB8
19734,CSB21/C21
19733,CSB21
19732,CSB20/C20
19731,CSB20
19730,CSB19/C19
19729,CSB19
19728,CSB17/C17
19727,CSB17
19726,CSB16/C16
19725,CSB16
19724,CSB15/C15
19723,CSB15
19722,CSB14/C14
19721,CSB14
19720,CSB13/C13
19719,CSB13
19718,CSB12/C12
19717,CSB12
19716,CSB11/C11
19715,CSB11
19714,CSB10/C10
19713,CSB10
19712,CSB1/C7
19711,CSB1/C6
19710,CSB1/C5
19709,CSB1/C4
19708,CSB1/C3
19707,CSB1/C2
19706,CSB1/C1
19705,CSB1
19704,CHB34/C34
19703,CHB34
19702,CHB33/C33
19701,CHB33
19700,CHB32/C32
19699,CHB32
19698,CHB31/C31
19697,CHB31
19696,CHB30/C30
19695,CHB30
19694,CHB29/C29
19693,CHB29
19692,CHB28/C28
19691,CHB28
19690,CHB27/C27
19689,CHB27
19688,CHB26/C26
19687,CHB26
19686,CHB25/C25
19685,CHB25
19684,CHB24/C24
19683,CHB24
19682,CHB23/C23
19681,CHB23
19680,CHB22/C22
19679,CHB22
19678,CSB1-CHB34
19677,AFF5/I5
19676,AFF5
19675,AFF4/I4
19674,AFF4
19673,AFF3/I3
19672,AFF3
19671,AFF2/I2
19670,AFF2
19669,AFF1/I1
19668,AFF1
19667,AFF1-AFF5
19666,CSB1-PLA1
19665,L4.6/9
19664,L4.6/8
19663,L4.6/7
19662,L4.6/6
19661,L4.6/5
19660,L4.6/4
19659,L4.6/3
19658,L4.6/2
19657,L4.6/11
19656,L4.6/10
19655,L4.6/1
19654,L4.6
19653,L4.5/2
19652,L4.5/1
19651,L4.5
19650,L4.4/3
19649,L4.4/2
19648,L4.4/1
19647,L4.4
19646,L4
19645,L3.3/9
19644,L3.3/8
19643,L3.3/7
19642,L3.3/6
19641,L3.3/5
19640,L3.3/4
19639,L3.3/3
19638,L3.3/2
19637,L3.3/1
19636,L3.3
19635,L3
19634,L2.2/3
19633,L2.2/2
19632,L2.2/1
19631,L2.2
19630,L2
19629,"L1,1/9"
19628,"L1,1/8"
19627,"L1,1/7"
19626,"L1,1/6"
19625,"L1,1/5"
19624,"L1,1/4"
19623,"L1,1/3"
19622,"L1,1/2"
19621,"L1,1/14"
19620,"L1,1/13"
19619,"L1,1/12"
19618,"L1,1/11"
19617,"L1,1/10"
19616,"L1,1/1"
19615,L1.1
19614,L1
19613,L1-L4
19612,A17.9/Volume 9
19611,A17.9
19610,A17.8/Volume 8
19609,A17.8
19608,A17.7/Volume 7
19607,A17.7
19606,A17.6/Volume 6
19605,A17.6
19604,A17.5/Volume 5
19603,A17.5
19602,A17.4/Volume 4
19601,A17.4
19600,A17.3/Volume 3
19599,A17.3
19598,A17.2/Volume 2
19597,A17.2
19596,A17.13/9
19595,A17.13/8
19594,A17.13/74
19593,A17.13/73
19592,A17.13/72
19591,A17.13/71
19590,A17.13/70
19589,A17.13/7
19588,A17.13/69
19587,A17.13/68
19586,A17.13/67
19585,A17.13/66
19584,A17.13/65
19583,A17.13/64
19582,A17.13/63
19581,A17.13/62
19580,A17.13/61
19579,A17.13/60
19578,A17.13/6
19577,A17.13/59
19576,A17.13/58
19575,A17.13/57
19574,A17.13/55
19573,A17.13/54
19572,A17.13/53
19571,A17.13/52
19570,A17.13/51
19569,A17.13/50
19568,A17.13/5
19567,A17.13/49
19566,A17.13/48
19565,A17.13/47
19564,A17.13/46
19563,A17.13/45
19562,A17.13/44
19561,A17.13/43
19560,A17.13/42
19559,A17.13/41
19558,A17.13/40
19557,A17.13/4
19556,A17.13/39
19555,A17.13/38
19554,A17.13/37
19553,A17.13/36
19552,A17.13/35
19551,A17.13/34
19550,A17.13/33
19549,A17.13/32
19548,A17.13/31
19547,A17.13/30
19546,A17.13/3
19545,A17.13/29
19544,A17.13/28
19543,A17.13/27
19542,A17.13/26
19541,A17.13/25
19540,A17.13/24
19539,A17.13/23
19538,A17.13/22
19537,A17.13/21
19536,A17.13/20
19535,A17.13/2
19534,A17.13/19
19533,A17.13/18
19532,A17.13/17
19531,A17.13/16
19530,A17.13/15
19529,A17.13/14
19528,A17.13/13
19527,A17.13/12
19526,A17.13/11
19525,A17.13/10
19524,A17.13/1
19523,A17.13
19522,A17.12/Volume 12
19521,A17.12
19520,A17.11/Volume 11
19519,A17.11
19518,A17.10/Volume 10
19517,A17.10
19516,A17.1/Volume 1
19515,A17.1
19514,A17
19513,A16.2.6
19512,A16.2.5
19511,A16.2.4
19510,A16.2.3
19509,A16.2.2
19508,A16.2.1
19507,A16.2
19506,A16.1.5
19505,A16.1.4
19504,A16.1.3
19503,A16.1.2
19502,A16.1.1
19501,A16.1
19500,A16
19499,A15.5.5/3
19498,A15.5.5/2
19497,A15.5.5/1
19496,A15.5.5
19495,A15.5.4/9
19494,A15.5.4/8
19493,A15.5.4/7
19492,A15.5.4/6
19491,A15.5.4/5
19490,A15.5.4/4
19489,A15.5.4/3
19488,A15.5.4/2
19487,A15.5.4/15
19486,A15.5.4/14
19485,A15.5.4/13
19484,A15.5.4/12
19483,A15.5.4/11
19482,A15.5.4/10
19481,A15.5.4/1
19480,A15.5.4
19479,A15.5.3/2
19478,A15.5.3/1
19477,A15.5.3
19476,A15.5.2
19475,A15.5.1/8
19474,A15.5.1/7
19473,A15.5.1/6
19472,A15.5.1/5
19471,A15.5.1/4
19470,A15.5.1/3
19469,A15.5.1/2
19468,A15.5.1/1
19467,A15.5.1
19466,A15.5
19465,A15.4.4.h
19464,A15.4.4.g
19463,A15.4.4.f
19462,A15.4.4.e
19461,A15.4.4
19460,A15.4.3.d
19459,A15.4.3.c
19458,A15.4.3.b
19457,A15.4.3.a/2
19456,A15.4.3.a/1
19455,A15.4.3.a
19454,A15.4.3
19453,A15.4.2
19452,A15.4.1
19451,A15.4
19450,A15.3/4
19449,A15.3/3
19448,A15.3/2
19447,A15.3/1
19446,A15.3
19445,A15.2.5/9
19444,A15.2.5/8
19443,A15.2.5/7
19442,A15.2.5/6
19441,A15.2.5/5
19440,A15.2.5/4
19439,A15.2.5/3
19438,A15.2.5/2
19437,A15.2.5/11
19436,A15.2.5/10
19435,A15.2.5/1
19434,A15.2.5
19433,A15.2.4/9
19432,A15.2.4/8
19431,A15.2.4/7
19430,A15.2.4/6
19429,A15.2.4/5
19428,A15.2.4/4
19427,A15.2.4/3
19426,A15.2.4/2
19425,A15.2.4/17
19424,A15.2.4/16
19423,A15.2.4/15
19422,A15.2.4/14
19421,A15.2.4/13
19420,A15.2.4/12
19419,A15.2.4/11
19418,A15.2.4/10
19417,A15.2.4/1
19416,A15.2.4
19415,A15.2.3/9
19414,A15.2.3/8
19413,A15.2.3/7
19412,A15.2.3/6
19411,A15.2.3/5
19410,A15.2.3/4
19409,A15.2.3/3
19408,A15.2.3/21
19407,A15.2.3/20
19406,A15.2.3/2
19405,A15.2.3/19
19404,A15.2.3/18
19403,A15.2.3/17
19402,A15.2.3/16
19401,A15.2.3/15
19400,A15.2.3/14
19399,A15.2.3/13
19398,A15.2.3/12
19397,A15.2.3/11
19396,A15.2.3/10
19395,A15.2.3/1
19394,A15.2.3
19393,A15.2.2
19392,A15.2.1
19391,A15.2
19390,A15.1
19389,A15
19388,A15-A17
19387,A5.8
19386,A5.7
19385,A5.6
19384,A5.5
19383,A5.4
19382,A5.3
19381,A5.2
19380,A5.1
19379,A5
19378,A4.9
19377,A4.8
19376,A4.7
19375,A4.6
19374,A4.5
19373,A4.4
19372,A4.3
19371,A4.2
19370,A4.11
19369,A4.10
19368,A4.1.5
19367,A4.1.4
19366,A4.1.3/2
19365,A4.1.3/1
19364,A4.1.3
19363,A4.1.2
19362,A4.1.1/3
19361,A4.1.1/2
19360,A4.1.1/1
19359,A4.1.1
19358,A4.1
19357,A4
19356,A3.6
19355,A3.5
19354,A3.4
19353,A3.3/vol.9
19352,A3.3/vol.8
19351,A3.3/vol.7
19350,A3.3/vol.6
19349,A3.3/vol.5
19348,A3.3/vol.4
19347,A3.3/vol.3
19346,A3.3/vol.2
19345,A3.3/vol.11
19344,A3.3/vol.10
19343,A3.3/vol.1
19342,A3.3
19341,A3.2/2
19340,A3.2/1
19339,A3.2
19338,A3.1
19337,A3
19336,A2bis.7.5/9
19335,A2bis.7.5/8
19334,A2bis.7.5/7
19333,A2bis.7.5/6
19332,A2bis.7.5/5
19331,A2bis.7.5/4
19330,A2bis.7.5/3
19329,A2bis.7.5/23
19328,A2bis.7.5/22
19327,A2bis.7.5/21
19326,A2bis.7.5/20
19325,A2bis.7.5/2
19324,A2bis.7.5/19
19323,A2bis.7.5/18
19322,A2bis.7.5/17
19321,A2bis.7.5/16
19320,A2bis.7.5/15
19319,A2bis.7.5/14
19318,A2bis.7.5/13
19317,A2bis.7.5/12
19316,A2bis.7.5/11
19315,A2bis.7.5/10
19314,A2bis.7.5/1
19313,A2bis.7.5
19312,A2bis.7.4
19311,A2bis.7.3
19310,A2bis.7.2
19309,A2bis.7.1
19308,A2bis.7
19307,A2bis.6.3/9
19306,A2bis.6.3/8
19305,A2bis.6.3/7
19304,A2bis.6.3/6
19303,A2bis.6.3/5
19302,A2bis.6.3/4
19301,A2bis.6.3/3
19300,A2bis.6.3/23
19299,A2bis.6.3/22
19298,A2bis.6.3/21
19297,A2bis.6.3/20
19296,A2bis.6.3/2
19295,A2bis.6.3/19
19294,A2bis.6.3/18
19293,A2bis.6.3/17
19292,A2bis.6.3/16
19291,A2bis.6.3/15
19290,A2bis.6.3/14
19289,A2bis.6.3/13
19288,A2bis.6.3/12
19287,A2bis.6.3/11
19286,A2bis.6.3/10
19285,A2bis.6.3/1
19284,A2bis.6.3
19283,A2bis.6.2/9
19282,A2bis.6.2/8
19281,A2bis.6.2/7
19280,A2bis.6.2/6
19279,A2bis.6.2/5
19278,A2bis.6.2/4
19277,A2bis.6.2/32
19276,A2bis.6.2/31
19275,A2bis.6.2/30
19274,A2bis.6.2/3
19273,A2bis.6.2/29
19272,A2bis.6.2/28
19271,A2bis.6.2/27
19270,A2bis.6.2/26
19269,A2bis.6.2/25
19268,A2bis.6.2/24
19267,A2bis.6.2/23
19266,A2bis.6.2/22
19265,A2bis.6.2/21
19264,A2bis.6.2/20
19263,A2bis.6.2/2
19262,A2bis.6.2/19
19261,A2bis.6.2/18
19260,A2bis.6.2/17
19259,A2bis.6.2/16
19258,A2bis.6.2/15
19257,A2bis.6.2/14
19256,A2bis.6.2/13
19255,A2bis.6.2/12
19254,A2bis.6.2/11
19253,A2bis.6.2/10
19252,A2bis.6.2/1
19251,A2bis.6.2
19250,A2bis.6.1/9
19249,A2bis.6.1/8
19248,A2bis.6.1/7
19247,A2bis.6.1/6
19246,A2bis.6.1/5
19245,A2bis.6.1/40
19244,A2bis.6.1/4
19243,A2bis.6.1/39
19242,A2bis.6.1/38
19241,A2bis.6.1/37
19240,A2bis.6.1/36
19239,A2bis.6.1/35
19238,A2bis.6.1/34
19237,A2bis.6.1/33
19236,A2bis.6.1/32
19235,A2bis.6.1/31
19234,A2bis.6.1/30
19233,A2bis.6.1/3
19232,A2bis.6.1/29
19231,A2bis.6.1/28
19230,A2bis.6.1/27
19229,A2bis.6.1/26
19228,A2bis.6.1/25
19227,A2bis.6.1/24
19226,A2bis.6.1/23
19225,A2bis.6.1/22
19224,A2bis.6.1/21
19223,A2bis.6.1/20
19222,A2bis.6.1/2
19221,A2bis.6.1/19
19220,A2bis.6.1/18
19219,A2bis.6.1/17
19218,A2bis.6.1/16
19217,A2bis.6.1/15
19216,A2bis.6.1/14
19215,A2bis.6.1/13
19214,A2bis.6.1/12
19213,A2bis.6.1/11
19212,A2bis.6.1/10
19211,A2bis.6.1/1
19210,A2bis.6.1
21209,F6.1.6/87
21208,F6.1.6/86
21207,F6.1.6/85
21206,F6.1.6/84
21205,F6.1.6/83
21204,F6.1.6/82
21203,F6.1.6/81
21202,F6.1.6/80
21201,F6.1.6/8
21200,F6.1.6/79
21199,F6.1.6/78
21198,F6.1.6/77
21197,F6.1.6/76
21196,F6.1.6/75
21195,F6.1.6/74
21194,F6.1.6/73
21193,F6.1.6/72
21192,F6.1.6/71
21191,F6.1.6/70
21190,F6.1.6/7
21189,F6.1.6/69
21188,F6.1.6/68
21187,F6.1.6/67
21186,F6.1.6/66
21185,F6.1.6/65
21184,F6.1.6/64
21183,F6.1.6/63
21182,F6.1.6/62
21181,F6.1.6/61
21180,F6.1.6/60
21179,F6.1.6/6
21178,F6.1.6/59
21177,F6.1.6/58
21176,F6.1.6/57
21175,F6.1.6/56
21174,F6.1.6/55
21173,F6.1.6/54
21172,F6.1.6/53
21171,F6.1.6/52
21170,F6.1.6/51
21169,F6.1.6/50
21168,F6.1.6/5
21167,F6.1.6/49
21166,F6.1.6/48
21165,F6.1.6/47
21164,F6.1.6/46
21163,F6.1.6/45
21162,F6.1.6/44
21161,F6.1.6/43
21160,F6.1.6/42
21159,F6.1.6/41
21158,F6.1.6/40
21157,F6.1.6/4
21156,F6.1.6/39
21155,F6.1.6/38
21154,F6.1.6/37
21153,F6.1.6/36
21152,F6.1.6/35
21151,F6.1.6/34
21150,F6.1.6/33
21149,F6.1.6/32
21148,F6.1.6/31
21147,F6.1.6/30
21146,F6.1.6/3
21145,F6.1.6/29
21144,F6.1.6/28
21143,F6.1.6/27
21142,F6.1.6/26
21141,F6.1.6/25
21140,F6.1.6/24
21139,F6.1.6/23
21138,F6.1.6/22
21137,F6.1.6/21
21136,F6.1.6/20
21135,F6.1.6/2
21134,F6.1.6/19
21133,F6.1.6/18
21132,F6.1.6/17
21131,F6.1.6/16
21130,F6.1.6/15
21129,F6.1.6/14
21128,F6.1.6/13
21127,F6.1.6/12
21126,F6.1.6/112
21125,F6.1.6/111
21124,F6.1.6/110
21123,F6.1.6/11
21122,F6.1.6/109
21121,F6.1.6/108
21120,F6.1.6/107
21119,F6.1.6/106
21118,F6.1.6/105
21117,F6.1.6/104
21116,F6.1.6/103
21115,F6.1.6/102
21114,F6.1.6/101
21113,F6.1.6/100
21112,F6.1.6/10
21111,F6.1.6/1
21110,F6.1.6
21109,F6.1.5/9
21108,F6.1.5/8
21107,F6.1.5/7
21106,F6.1.5/6
21105,F6.1.5/5
21104,F6.1.5/4
21103,F6.1.5/3
21102,F6.1.5/29
21101,F6.1.5/28
21100,F6.1.5/27
21099,F6.1.5/26
21098,F6.1.5/25
21097,F6.1.5/24
21096,F6.1.5/23
21095,F6.1.5/22
21094,F6.1.5/21
21093,F6.1.5/20
21092,F6.1.5/2
21091,F6.1.5/19
21090,F6.1.5/18
21089,F6.1.5/17
21088,F6.1.5/16
21087,F6.1.5/15
21086,F6.1.5/14
21085,F6.1.5/13
21084,F6.1.5/12
21083,F6.1.5/11
21082,F6.1.5/10
21081,F6.1.5/1
21080,F6.1.5
21079,F6.1.4/9
21078,F6.1.4/8
21077,F6.1.4/7
21076,F6.1.4/6
21075,F6.1.4/5
21074,F6.1.4/4
21073,F6.1.4/3
21072,F6.1.4/2
21071,F6.1.4/18
21070,F6.1.4/17
21069,F6.1.4/16
21068,F6.1.4/15
21067,F6.1.4/14
21066,F6.1.4/13
21065,F6.1.4/12
21064,F6.1.4/11
21063,F6.1.4/10
21062,F6.1.4/1
21061,F6.1.4
21060,F6.1.3/9
21059,F6.1.3/8
21058,F6.1.3/7
21057,F6.1.3/6
21056,F6.1.3/5
21055,F6.1.3/4
21054,F6.1.3/3
21053,F6.1.3/2
21052,F6.1.3/13
21051,F6.1.3/12
21050,F6.1.3/11
21049,F6.1.3/10
21048,F6.1.3/1
21047,F6.1.3
21046,F6.1.2/9
21045,F6.1.2/8
21044,F6.1.2/7
21043,F6.1.2/6
21042,F6.1.2/5
21041,F6.1.2/4
21040,F6.1.2/3
21039,F6.1.2/2
21038,F6.1.2/16
21037,F6.1.2/15
21036,F6.1.2/14
21035,F6.1.2/13
21034,F6.1.2/12
21033,F6.1.2/11
21032,F6.1.2/10
21031,F6.1.2/1
21030,F6.1.2
21029,F6.1.1/5
21028,F6.1.1/4
21027,F6.1.1/3
21026,F6.1.1/2
21025,F6.1.1/1
21024,F6.1.1
21023,F6.1
21022,F6
21021,F5.6.8
21020,F5.6.7/2
21019,F5.6.7/1
21018,F5.6.7
21017,F5.6.6/4
21016,F5.6.6/3
21015,F5.6.6/2
21014,F5.6.6/1
21013,F5.6.6
21012,F5.6.5/9
21011,F5.6.5/8
21010,F5.6.5/7
21009,F5.6.5/6
21008,F5.6.5/5
21007,F5.6.5/4
21006,F5.6.5/3
21005,F5.6.5/29
21004,F5.6.5/28
21003,F5.6.5/27
21002,F5.6.5/26
21001,F5.6.5/25
21000,F5.6.5/24
20999,F5.6.5/23
20998,F5.6.5/22
20997,F5.6.5/21
20996,F5.6.5/20
20995,F5.6.5/2
20994,F5.6.5/19
20993,F5.6.5/18
20992,F5.6.5/17
20991,F5.6.5/16
20990,F5.6.5/15
20989,F5.6.5/14
20988,F5.6.5/13
20987,F5.6.5/12
20986,F5.6.5/11
20985,F5.6.5/10
20984,F5.6.5/1
20983,F5.6.5
20982,F5.6.4/5
20981,F5.6.4/4
20980,F5.6.4/3
20979,F5.6.4/2
20978,F5.6.4/1
20977,F5.6.4
20976,F5.6.3/2
20975,F5.6.3/1
20974,F5.6.3
20973,F5.6.2/8
20972,F5.6.2/7
20971,F5.6.2/6
20970,F5.6.2/5
20969,F5.6.2/4
20968,F5.6.2/3
20967,F5.6.2/2
20966,F5.6.2/1
20965,F5.6.2
20964,F5.6.1/9
20963,F5.6.1/8
20962,F5.6.1/7
20961,F5.6.1/6
20960,F5.6.1/5
20959,F5.6.1/4
20958,F5.6.1/3
20957,F5.6.1/2
20956,F5.6.1/18
20955,F5.6.1/17
20954,F5.6.1/16
20953,F5.6.1/15
20952,F5.6.1/14
20951,F5.6.1/13
20950,F5.6.1/12
20949,F5.6.1/11
20948,F5.6.1/10
20947,F5.6.1/1
20946,F5.6.1
20945,F5.6
20944,F5.5/3
20943,F5.5/2
20942,F5.5/1
20941,F5.5
20940,F5.4
20939,F5.3.9/9
20938,F5.3.9/8
20937,F5.3.9/7
20936,F5.3.9/6
20935,F5.3.9/5
20934,F5.3.9/4
20933,F5.3.9/3
20932,F5.3.9/21
20931,F5.3.9/20
20930,F5.3.9/2
20929,F5.3.9/19
20928,F5.3.9/18
20927,F5.3.9/17
20926,F5.3.9/16
20925,F5.3.9/15
20924,F5.3.9/14
20923,F5.3.9/13
20922,F5.3.9/12
20921,F5.3.9/11
20920,F5.3.9/10
20919,F5.3.9/1
20918,F5.3.9
20917,F5.3.8/9
20916,F5.3.8/8
20915,F5.3.8/7
20914,F5.3.8/6
20913,F5.3.8/5
20912,F5.3.8/4
20911,F5.3.8/3
20910,F5.3.8/2
20909,F5.3.8/1
20908,F5.3.8
20907,F5.3.7/1
20906,F5.3.7
20905,F5.3.6/1
20904,F5.3.6
20903,F5.3.5/1
20902,F5.3.5
20901,F5.3.4/1
20900,F5.3.4
20899,F5.3.3/9
20898,F5.3.3/8
20897,F5.3.3/7
20896,F5.3.3/6
20895,F5.3.3/5
20894,F5.3.3/4
20893,F5.3.3/3
20892,F5.3.3/2
20891,F5.3.3/10
20890,F5.3.3/1
20889,F5.3.3
20888,F5.3.2/9
20887,F5.3.2/8
20886,F5.3.2/7
20885,F5.3.2/6
20884,F5.3.2/5
20883,F5.3.2/4
20882,F5.3.2/3
20881,F5.3.2/2
20880,F5.3.2/13
20879,F5.3.2/12
20878,F5.3.2/11
20877,F5.3.2/10
20876,F5.3.2/1
20875,F5.3.2
20874,F5.3.11
20873,F5.3.10
20872,F5.3.1/2
20871,F5.3.1/1
20870,F5.3.1
20869,F5.3
20868,F5.2.2/99
20867,F5.2.2/98
20866,F5.2.2/97
20865,F5.2.2/96
20864,F5.2.2/95
20863,F5.2.2/94
20862,F5.2.2/93
20861,F5.2.2/92
20860,F5.2.2/91
20859,F5.2.2/90
20858,F5.2.2/9
20857,F5.2.2/89
20856,F5.2.2/88
20855,F5.2.2/87
20854,F5.2.2/86
20853,F5.2.2/85
20852,F5.2.2/84
20851,F5.2.2/83
20850,F5.2.2/82
20849,F5.2.2/81
20848,F5.2.2/80
20847,F5.2.2/8
20846,F5.2.2/79
20845,F5.2.2/78
20844,F5.2.2/77
20843,F5.2.2/76
20842,F5.2.2/75
20841,F5.2.2/74
20840,F5.2.2/73
20839,F5.2.2/72
20838,F5.2.2/71
20837,F5.2.2/70
20836,F5.2.2/7
20835,F5.2.2/69
20834,F5.2.2/68
20833,F5.2.2/67
20832,F5.2.2/66
20831,F5.2.2/65
20830,F5.2.2/64
20829,F5.2.2/63
20828,F5.2.2/62
20827,F5.2.2/61
20826,F5.2.2/60
20825,F5.2.2/6
20824,F5.2.2/59
20823,F5.2.2/58
20822,F5.2.2/57
20821,F5.2.2/56
20820,F5.2.2/55
20819,F5.2.2/54
20818,F5.2.2/53
20817,F5.2.2/52
20816,F5.2.2/51
20815,F5.2.2/50
20814,F5.2.2/5
20813,F5.2.2/49
20812,F5.2.2/48
20811,F5.2.2/47
20810,F5.2.2/46
20809,F5.2.2/45
20808,F5.2.2/44
20807,F5.2.2/43
20806,F5.2.2/42
20805,F5.2.2/41
20804,F5.2.2/40
20803,F5.2.2/4
20802,F5.2.2/39
20801,F5.2.2/38
20800,F5.2.2/37
20799,F5.2.2/36
20798,F5.2.2/35
20797,F5.2.2/34
20796,F5.2.2/33
20795,F5.2.2/32
20794,F5.2.2/31
20793,F5.2.2/30
20792,F5.2.2/3
20791,F5.2.2/29
20790,F5.2.2/28
20789,F5.2.2/27
20788,F5.2.2/26
20787,F5.2.2/25
20786,F5.2.2/24
20785,F5.2.2/23
20784,F5.2.2/22
20783,F5.2.2/21
20782,F5.2.2/20
20781,F5.2.2/2
20780,F5.2.2/19
20779,F5.2.2/18
20778,F5.2.2/17
20777,F5.2.2/16
20776,F5.2.2/15
20775,F5.2.2/14
20774,F5.2.2/13
20773,F5.2.2/12
20772,F5.2.2/11
20771,F5.2.2/103
20770,F5.2.2/102
20769,F5.2.2/101
20768,F5.2.2/100
20767,F5.2.2/10
20766,F5.2.2/1
20765,F5.2.2
20764,F5.2.1/9
20763,F5.2.1/8
20762,F5.2.1/7
20761,F5.2.1/6
20760,F5.2.1/57
20759,F5.2.1/56
20758,F5.2.1/55
20757,F5.2.1/54
20756,F5.2.1/53
20755,F5.2.1/52
20754,F5.2.1/51
20753,F5.2.1/50
20752,F5.2.1/5
20751,F5.2.1/49
20750,F5.2.1/48
20749,F5.2.1/47
20748,F5.2.1/46
20747,F5.2.1/45
20746,F5.2.1/44
20745,F5.2.1/43
20744,F5.2.1/42
20743,F5.2.1/41
20742,F5.2.1/40
20741,F5.2.1/4
20740,F5.2.1/39
20739,F5.2.1/38
20738,F5.2.1/37
20737,F5.2.1/36
20736,F5.2.1/35
20735,F5.2.1/34
20734,F5.2.1/33
20733,F5.2.1/32
20732,F5.2.1/31
20731,F5.2.1/30
20730,F5.2.1/3
20729,F5.2.1/29
20728,F5.2.1/28
20727,F5.2.1/27
20726,F5.2.1/26
20725,F5.2.1/25
20724,F5.2.1/24
20723,F5.2.1/23
20722,F5.2.1/22
20721,F5.2.1/21
20720,F5.2.1/20
20719,F5.2.1/2
20718,F5.2.1/19
20717,F5.2.1/18
20716,F5.2.1/17
20715,F5.2.1/16
20714,F5.2.1/15
20713,F5.2.1/14
20712,F5.2.1/13
20711,F5.2.1/12
20710,F5.2.1/11
20709,F5.2.1/10
20708,F5.2.1/1
20707,F5.2.1
20706,F5.2
20705,F5.1.9/9
20704,F5.1.9/8
20703,F5.1.9/7
20702,F5.1.9/6
20701,F5.1.9/5
20700,F5.1.9/4
20699,F5.1.9/3
20698,F5.1.9/2
20697,F5.1.9/1
20696,F5.1.9
20695,F5.1.8/9
20694,F5.1.8/8
20693,F5.1.8/7
20692,F5.1.8/6
20691,F5.1.8/5
20690,F5.1.8/4
20689,F5.1.8/3
20688,F5.1.8/2
20687,F5.1.8/19
20686,F5.1.8/18
20685,F5.1.8/17
20684,F5.1.8/16
20683,F5.1.8/15
20682,F5.1.8/14
20681,F5.1.8/13
20680,F5.1.8/12
20679,F5.1.8/11
20678,F5.1.8/10
20677,F5.1.8/1
20676,F5.1.8
20675,F5.1.6/9
20674,F5.1.6/8
20673,F5.1.6/7
20672,F5.1.6/6
20671,F5.1.6/5
20670,F5.1.6/4
20669,F5.1.6/3
20668,F5.1.6/2
20667,F5.1.6/11
20666,F5.1.6/10
20665,F5.1.7
20664,F5.1.6/1
20663,F5.1.6
20662,F5.1.5/7
20661,F5.1.5/6
20660,F5.1.5/5
20659,F5.1.5/4
20658,F5.1.5/3
20657,F5.1.5/2
20656,F5.1.5/1
20655,F5.1.5
20654,F5.1.4/9
20653,F5.1.4/8
20652,F5.1.4/7
20651,F5.1.4/6
20650,F5.1.4/5
20649,F5.1.4/4
20648,F5.1.4/3
20647,F5.1.4/2
20646,F5.1.4/11
20645,F5.1.4/10
20644,F5.1.4/1
20643,F5.1.4
20642,F5.1.3/7
20641,F5.1.3/6
20640,F5.1.3/5
20639,F5.1.3/4
20638,F5.1.3/3
20637,F5.1.3/2
20636,F5.1.3/1
20635,F5.1.3
20634,F5.1.2/2
20633,F5.1.2/1
20632,F5.1.2
20631,F5.1.11/9
20630,F5.1.11/8
20629,F5.1.11/7
20628,F5.1.11/6
20627,F5.1.11/5
20626,F5.1.11/4
20625,F5.1.11/3
20624,F5.1.11/2
20623,F5.1.11/10
20622,F5.1.11/1
20621,F5.1.11
20620,F5.1.10/9
20619,F5.1.10/8
20618,F5.1.10/7
20617,F5.1.10/6
20616,F5.1.10/5
20615,F5.1.10/41
20614,F5.1.10/40
20613,F5.1.10/4
20612,F5.1.10/39
20611,F5.1.10/38
20610,F5.1.10/37
20609,F5.1.10/36
20608,F5.1.10/35
20607,F5.1.10/34
20606,F5.1.10/33
20605,F5.1.10/32
20604,F5.1.10/31
20603,F5.1.10/30
20602,F5.1.10/3
20601,F5.1.10/29
20600,F5.1.10/28
20599,F5.1.10/27
20598,F5.1.10/26
20597,F5.1.10/25
20596,F5.1.10/24
20595,F5.1.10/23
20594,F5.1.10/22
20593,F5.1.10/21
20592,F5.1.10/20
20591,F5.1.10/2
20590,F5.1.10/19
20589,F5.1.10/18
20588,F5.1.10/17
20587,F5.1.10/16
20586,F5.1.10/15
20585,F5.1.10/14
20584,F5.1.10/13
20583,F5.1.10/12
20582,F5.1.10/11
20581,F5.1.10/10
20580,F5.1.10/1
20579,F5.1.10
20578,F5.1.1/4
20577,F5.1.1/3
20576,F5.1.1/2
20575,F5.1.1/1
20574,F5.1.1
20573,F5.1
20572,F5
20571,F4.6.2/99
20570,F4.6.2/98
20569,F4.6.2/97
20568,F4.6.2/96
20567,F4.6.2/95
20566,F4.6.2/94
20565,F4.6.2/93
20564,F4.6.2/92
20563,F4.6.2/91
20562,F4.6.2/90
20561,F4.6.2/9
20560,F4.6.2/89
20559,F4.6.2/88
20558,F4.6.2/87
20557,F4.6.2/86
20556,F4.6.2/85
20555,F4.6.2/84
20554,F4.6.2/83
20553,F4.6.2/82
20552,F4.6.2/81
20551,F4.6.2/80
20550,F4.6.2/8
20549,F4.6.2/79
20548,F4.6.2/78
20547,F4.6.2/77
20546,F4.6.2/76
20545,F4.6.2/75
20544,F4.6.2/74
20543,F4.6.2/73
20542,F4.6.2/72
20541,F4.6.2/71
20540,F4.6.2/70
20539,F4.6.2/7
20538,F4.6.2/69
20537,F4.6.2/68
20536,F4.6.2/67
20535,F4.6.2/66
20534,F4.6.2/65
20533,F4.6.2/64
20532,F4.6.2/63
20531,F4.6.2/62
20530,F4.6.2/61
20529,F4.6.2/60
20528,F4.6.2/6
20527,F4.6.2/59
20526,F4.6.2/58
20525,F4.6.2/57
20524,F4.6.2/56
20523,F4.6.2/55
20522,F4.6.2/54
20521,F4.6.2/53
20520,F4.6.2/52
20519,F4.6.2/51
20518,F4.6.2/50
20517,F4.6.2/5
20516,F4.6.2/49
20515,F4.6.2/48
20514,F4.6.2/47
20513,F4.6.2/46
20512,F4.6.2/45
20511,F4.6.2/44
20510,F4.6.2/43
20509,F4.6.2/42
20508,F4.6.2/41
20507,F4.6.2/40
20506,F4.6.2/4
20505,F4.6.2/39
20504,F4.6.2/38
20503,F4.6.2/37
20502,F4.6.2/36
20501,F4.6.2/35
20500,F4.6.2/34
20499,F4.6.2/33
20498,F4.6.2/32
20497,F4.6.2/31
20496,F4.6.2/30
20495,F4.6.2/3
20494,F4.6.2/29
20493,F4.6.2/28
20492,F4.6.2/27
20491,F4.6.2/26
20490,F4.6.2/25
20489,F4.6.2/24
20488,F4.6.2/23
20487,F4.6.2/22
20486,F4.6.2/21
20485,F4.6.2/20
20484,F4.6.2/2
20483,F4.6.2/19
20482,F4.6.2/18
20481,F4.6.2/17
20480,F4.6.2/16
20479,F4.6.2/15
20478,F4.6.2/14
20477,F4.6.2/13
20476,F4.6.2/12
20475,F4.6.2/118
20474,F4.6.2/117
20473,F4.6.2/116
20472,F4.6.2/115
20471,F4.6.2/114
20470,F4.6.2/113
20469,F4.6.2/112
20468,F4.6.2/111
20467,F4.6.2/110
20466,F4.6.2/11
20465,F4.6.2/109
20464,F4.6.2/108
20463,F4.6.2/107
20462,F4.6.2/106
20461,F4.6.2/105
20460,F4.6.2/104
20459,F4.6.2/103
20458,F4.6.2/102
20457,F4.6.2/101
20456,F4.6.2/100
20455,F4.6.2/10
20454,F4.6.2/1
20453,F4.6.2
20452,F4.6.1/9
20451,F4.6.1/8
20450,F4.6.1/7
20449,F4.6.1/6
20448,F4.6.1/5
20447,F4.6.1/41
20446,F4.6.1/40
20445,F4.6.1/4
20444,F4.6.1/39
20443,F4.6.1/38
20442,F4.6.1/37
20441,F4.6.1/36
20440,F4.6.1/35
20439,F4.6.1/34
20438,F4.6.1/33
20437,F4.6.1/32
20436,F4.6.1/31
20435,F4.6.1/30
20434,F4.6.1/3
20433,F4.6.1/29
20432,F4.6.1/28
20431,F4.6.1/27
20430,F4.6.1/26
20429,F4.6.1/25
20428,F4.6.1/24
20427,F4.6.1/23
20426,F4.6.1/22
20425,F4.6.1/21
20424,F4.6.1/20
20423,F4.6.1/2
20422,F4.6.1/19
20421,F4.6.1/18
20420,F4.6.1/17
20419,F4.6.1/16
20418,F4.6.1/15
20417,F4.6.1/14
20416,F4.6.1/13
20415,F4.6.1/12
20414,F4.6.1/11
20413,F4.6.1/10
20412,F4.6.1/1
20411,F4.6.1
20410,F4.6
20409,F4.5.9/5
20408,F4.5.9/4
20407,F4.5.9/3
20406,F4.5.9/2
20405,F4.5.9/1
20404,F4.5.9
20403,F4.5.8/7
20402,F4.5.8/6
20401,F4.5.8/5
20400,F4.5.8/4
20399,F4.5.8/3
20398,F4.5.8/2
20397,F4.5.8/1
20396,F4.5.8
20395,F4.5.7/9
20394,F4.5.7/8
20393,F4.5.7/7
20392,F4.5.7/6
20391,F4.5.7/5
20390,F4.5.7/4
20389,F4.5.7/3
20388,F4.5.7/2
20387,F4.5.7/13
20386,F4.5.7/12
20385,F4.5.7/11
20384,F4.5.7/10
20383,F4.5.7/1
20382,F4.5.7
20381,F4.5.6/9
20380,F4.5.6/8
20379,F4.5.6/7
20378,F4.5.6/6
20377,F4.5.6/5
20376,F4.5.6/4
20375,F4.5.6/3
20374,F4.5.6/2
20373,F4.5.6/10
20372,F4.5.6/1
20371,F4.5.6
20370,F4.5.5/9
20369,F4.5.5/8
20368,F4.5.5/7
20367,F4.5.5/6
20366,F4.5.5/5
20365,F4.5.5/4
20364,F4.5.5/3
20363,F4.5.5/2
20362,F4.5.5/1
20361,F4.5.5
20360,F4.5.4/7
20359,F4.5.4/6
20358,F4.5.4/5
20357,F4.5.4/4
20356,F4.5.4/3
20355,F4.5.4/2
20354,F4.5.4/1
20353,F4.5.4
20352,F4.5.3/9
20351,F4.5.3/8
20350,F4.5.3/7
20349,F4.5.3/6
20348,F4.5.3/5
20347,F4.5.3/4
20346,F4.5.3/3
20345,F4.5.3/2
20344,F4.5.3/17
20343,F4.5.3/16
20342,F4.5.3/15
20341,F4.5.3/14
20340,F4.5.3/13
20339,F4.5.3/12
20338,F4.5.3/11
20337,F4.5.3/10
20336,F4.5.3/1
20335,F4.5.3
20334,F4.5.2/9
20333,F4.5.2/8
20332,F4.5.2/7
20331,F4.5.2/6
20330,F4.5.2/5
20329,F4.5.2/4
20328,F4.5.2/3
20327,F4.5.2/2
20326,F4.5.2/17
20325,F4.5.2/16
20324,F4.5.2/15
20323,F4.5.2/14
20322,F4.5.2/13
20321,F4.5.2/12
20320,F4.5.2/11
20319,F4.5.2/10
20318,F4.5.2/1
20317,F4.5.2
20316,F4.5.1/9
20315,F4.5.1/8
20314,F4.5.1/7
20313,F4.5.1/6
20312,F4.5.1/5
20311,F4.5.1/4
20310,F4.5.1/3
20309,F4.5.1/2
20308,F4.5.1/14
20307,F4.5.1/13
20306,F4.5.1/12
20305,F4.5.1/11
20304,F4.5.1/10
20303,F4.5.1/1
20302,F4.5.1
20301,F4.5
20300,F4.4.3/6
20299,F4.4.3/5
20298,F4.4.3/4
20297,F4.4.3/3
20296,F4.4.3/2
20295,F4.4.3/1
20294,F4.4.3
20293,F4.4.2/99
20292,F4.4.2/98
20291,F4.4.2/97
20290,F4.4.2/96
20289,F4.4.2/95
20288,F4.4.2/94
20287,F4.4.2/93
20286,F4.4.2/92
20285,F4.4.2/91
20284,F4.4.2/90
20283,F4.4.2/9
20282,F4.4.2/89
20281,F4.4.2/88
20280,F4.4.2/87
20279,F4.4.2/86
20278,F4.4.2/85
20277,F4.4.2/84
20276,F4.4.2/83
20275,F4.4.2/82
20274,F4.4.2/81
20273,F4.4.2/80
20272,F4.4.2/8
20271,F4.4.2/79
20270,F4.4.2/78
20269,F4.4.2/77
20268,F4.4.2/76
20267,F4.4.2/75
20266,F4.4.2/74
20265,F4.4.2/73
20264,F4.4.2/72
20263,F4.4.2/71
20262,F4.4.2/70
20261,F4.4.2/7
20260,F4.4.2/69
20259,F4.4.2/68
20258,F4.4.2/67
20257,F4.4.2/66
20256,F4.4.2/65
20255,F4.4.2/64
20254,F4.4.2/63
20253,F4.4.2/62
20252,F4.4.2/61
20251,F4.4.2/60
20250,F4.4.2/6
20249,F4.4.2/59
20248,F4.4.2/58
20247,F4.4.2/57
20246,F4.4.2/56
20245,F4.4.2/55
20244,F4.4.2/54
20243,F4.4.2/53
20242,F4.4.2/52
20241,F4.4.2/51
20240,F4.4.2/50
20239,F4.4.2/5
20238,F4.4.2/49
20237,F4.4.2/48
20236,F4.4.2/47
20235,F4.4.2/46
20234,F4.4.2/45
20233,F4.4.2/44
20232,F4.4.2/43
20231,F4.4.2/42
20230,F4.4.2/41
20229,F4.4.2/40
20228,F4.4.2/4
20227,F4.4.2/39
20226,F4.4.2/38
20225,F4.4.2/37
20224,F4.4.2/36
20223,F4.4.2/35
20222,F4.4.2/34
20221,F4.4.2/33
20220,F4.4.2/32
20219,F4.4.2/31
20218,F4.4.2/30
20217,F4.4.2/3
20216,F4.4.2/29
20215,F4.4.2/28
20214,F4.4.2/27
20213,F4.4.2/26
20212,F4.4.2/25
20211,F4.4.2/24
20210,F4.4.2/23
21777,P8/9
21776,P8/8
21775,P8/7
21774,P8/6
21773,P8/5
21772,P8/4
21771,P8/3
21770,P8/2
21769,P8/10
21768,P8/1
21767,P8
21766,P7/8
21765,P7/7
21764,P7/6
21763,P7/5
21762,P7/4
21761,P7/3
21760,P7/2
21759,P7/1
21758,P7
21757,P6/9
21756,P6/8
21755,P6/7
21754,P6/6
21753,P6/5
21752,P6/4
21751,P6/3
21750,P6/2
21749,P6/10
21748,P6/1
21747,P6
21746,P5/9
21745,P5/8
21744,P5/7
21743,P5/6
21742,P5/5
21741,P5/4
21740,P5/3
21739,P5/2
21738,P5/12
21737,P5/11
21736,P5/10
21735,P5/1
21734,P5
21733,P4/8
21732,P4/7
21731,P4/6
21730,P4/5
21729,P4/4
21728,P4/3
21727,P4/2
21726,P4/1
21725,P4
21724,P3/9
21723,P3/8
21722,P3/7
21721,P3/6
21720,P3/5
21719,P3/4
21718,P3/3
21717,P3/2
21716,P3/12
21715,P3/11
21714,P3/10
21713,P3/1
21712,P3
21711,P2/9
21710,P2/8
21709,P2/7
21708,P2/6
21707,P2/5
21706,P2/4
21705,P2/3
21704,P2/2
21703,P2/10
21702,P2/1
21701,P2
21700,P1/9
21699,P1/8
21698,P1/7
21697,P1/6
21696,P1/5
21695,P1/4
21694,P1/3
21693,P1/2
21692,P1/10
21691,P1/1
21690,P1
21689,P1-P8
21688,PVF9/9
21687,PVF9/8
21686,PVF9/7
21685,PVF9/6
21684,PVF9/5
21683,PVF9/4
21682,PVF9/3
21681,PVF9/2
21680,PVF9/17
21679,PVF9/16
21678,PVF9/15
21677,PVF9/14
21676,PVF9/13
21675,PVF9/12
21674,PVF9/11
21673,PVF9/10
21672,PVF9/1
21671,PVF9
21670,PVF8/9
21669,PVF8/8
21668,PVF8/7
21667,PVF8/6
21666,PVF8/5
21665,PVF8/4
21664,PVF8/3
21663,PVF8/2
21662,PVF8/17
21661,PVF8/16
21660,PVF8/15
21659,PVF8/14
21658,PVF8/13
21657,PVF8/12
21656,PVF8/11
21655,PVF8/10
21654,PVF8/1
21653,PVF8
21652,PVF7/9
21651,PVF7/8
21650,PVF7/7
21649,PVF7/6
21648,PVF7/5
21647,PVF7/4
21646,PVF7/3
21645,PVF7/20
21644,PVF7/2
21643,PVF7/19
21642,PVF7/18
21641,PVF7/17
21640,PVF7/16
21639,PVF7/15
21638,PVF7/14
21637,PVF7/13
21636,PVF7/12
21635,PVF7/11
21634,PVF7/10
21633,PVF7/1
21632,PVF7
21631,PVF6/9
21630,PVF6/8
21629,PVF6/7
21628,PVF6/6
21627,PVF6/5
21626,PVF6/4
21625,PVF6/3
21624,PVF6/2
21623,PVF6/18
21622,PVF6/17
21621,PVF6/16
21620,PVF6/15
21619,PVF6/14
21618,PVF6/13
21617,PVF6/12
21616,PVF6/11
21615,PVF6/10
21614,PVF6/1
21613,PVF6
21612,PVF5/9
21611,PVF5/8
21610,PVF5/7
21609,PVF5/6
21608,PVF5/5
21607,PVF5/4
21606,PVF5/3
21605,PVF5/2
21604,PVF5/16
21603,PVF5/15
21602,PVF5/14
21601,PVF5/13
21600,PVF5/12
21599,PVF5/11
21598,PVF5/10
21597,PVF5/1
21596,PVF5
21595,PVF4/9
21594,PVF4/8
21593,PVF4/7
21592,PVF4/6
21591,PVF4/5
21590,PVF4/4
21589,PVF4/3
21588,PVF4/2
21587,PVF4/13
21586,PVF4/12
21585,PVF4/11
21584,PVF4/10
21583,PVF4/1
21582,PVF4
21581,PVF3/9
21580,PVF3/8
21579,PVF3/7
21578,PVF3/6
21577,PVF3/5
21576,PVF3/4
21575,PVF3/3
21574,PVF3/2
21573,PVF3/14
21572,PVF3/13
21571,PVF3/12
21570,PVF3/11
21569,PVF3/10
21568,PVF3/1
21567,PVF3
21566,PVF2/9
21565,PVF2/8
21564,PVF2/7
21563,PVF2/6
21562,PVF2/5
21561,PVF2/4
21560,PVF2/3
21559,PVF2/2
21558,PVF2/10
21557,PVF2/1
21556,PVF2
21555,PVF19.1/9
21554,PVF19.1/8
21553,PVF19.1/7
21552,PVF19.1/6
21551,PVF19.1/5
21550,PVF19.1/4
21549,PVF19.1/3
21548,PVF19.1/25
21547,PVF19.1/24
21546,PVF19.1/23
21545,PVF19.1/22
21544,PVF19.1/21
21543,PVF19.1/20
21542,PVF19.1/2
21541,PVF19.1/19
21540,PVF19.1/18
21539,PVF19.1/17
21538,PVF19.1/16
21537,PVF19.1/15
21536,PVF19.1/14
21535,PVF19.1/13
21534,PVF19.1/12
21533,PVF19.1/11
21532,PVF19.1/10
21531,PVF19.1/1
21530,PVF19
21529,PVF18/1
21528,PVF18
21527,PVF17.3/3
21526,PVF17.3/2
21525,PVF17.3/1
21524,PVF17.3
21523,PVF17.2/9
21522,PVF17.2/8
21521,PVF17.2/7
21520,PVF17.2/6
21519,PVF17.2/5
21518,PVF17.2/4
21517,PVF17.2/3
21516,PVF17.2/2
21515,PVF17.2/11
21514,PVF17.2/10
21513,PVF17.2/1
21512,PVF17.2
21511,PVF17.1/8
21510,PVF17.1/7
21509,PVF17.1/6
21508,PVF17.1/5
21507,PVF17.1/4
21506,PVF17.1/3
21505,PVF17.1/2
21504,PVF17.1/1
21503,PVF17.1
21502,PVF17
21501,PVF16/9
21500,PVF16/8
21499,PVF16/7
21498,PVF16/6
21497,PVF16/5
21496,PVF16/42
21495,PVF16/41
21494,PVF16/40
21493,PVF16/4
21492,PVF16/39
21491,PVF16/38
21490,PVF16/37
21489,PVF16/36
21488,PVF16/35
21487,PVF16/34
21486,PVF16/33
21485,PVF16/32
21484,PVF16/31
21483,PVF16/30
21482,PVF16/3
21481,PVF16/29
21480,PVF16/28
21479,PVF16/27
21478,PVF16/26
21477,PVF16/25
21476,PVF16/24
21475,PVF16/23
21474,PVF16/22
21473,PVF16/21
21472,PVF16/20
21471,PVF16/2
21470,PVF16/19
21469,PVF16/18
21468,PVF16/17
21467,PVF16/16
21466,PVF16/15
21465,PVF16/14
21464,PVF16/13
21463,PVF16/12
21462,PVF16/11
21461,PVF16/10
21460,PVF16/1
21459,PVF16
21458,PVF15/9
21457,PVF15/8
21456,PVF15/7
21455,PVF15/6
21454,PVF15/5
21453,PVF15/4
21452,PVF15/3
21451,PVF15/20
21450,PVF15/2
21449,PVF15/19
21448,PVF15/18
21447,PVF15/17
21446,PVF15/16
21445,PVF15/14
21444,PVF15/13
21443,PVF15/12
21442,PVF15/11
21441,PVF15/10
21440,PVF15/1
21439,PVF15
21438,PVF14/9
21437,PVF14/8
21436,PVF14/7
21435,PVF14/6
21434,PVF14/5
21433,PVF14/4
21432,PVF14/3
21431,PVF14/27
21430,PVF14/26
21429,PVF14/25
21428,PVF14/24
21427,PVF14/23
21426,PVF14/22
21425,PVF14/21
21424,PVF14/20
21423,PVF14/2
21422,PVF14/19
21421,PVF14/18
21420,PVF14/17
21419,PVF14/16
21418,PVF14/15
21417,PVF14/14
21416,PVF14/13
21415,PVF14/12
21414,PVF14/11
21413,PVF14/10
21412,PVF14/1
21411,PVF14
21410,PVF13/9
21409,PVF13/8
21408,PVF13/7
21407,PVF13/6
21406,PVF13/5
21405,PVF13/4
21404,PVF13/3
21403,PVF13/20
21402,PVF13/2
21401,PVF13/19
21400,PVF13/18
21399,PVF13/17
21398,PVF13/16
21397,PVF13/15
21396,PVF13/14
21395,PVF13/13
21394,PVF13/12
21393,PVF13/11
21392,PVF13/10
21391,PVF13/1
21390,PVF13
21389,PVF12/7
21388,PVF12/6
21387,PVF12/5
21386,PVF12/4
21385,PVF12/3
21384,PVF12/2
21383,PVF12/1
21382,PVF12
21381,PVF11/9
21380,PVF11/8
21379,PVF11/7
21378,PVF11/6
21377,PVF11/5
21376,PVF11/4
21375,PVF11/3
21374,PVF11/2
21373,PVF11/16
21372,PVF11/15
21371,PVF11/14
21370,PVF11/13
21369,PVF11/12
21368,PVF11/11
21367,PVF11/10
21366,PVF11/1
21365,PVF11
21364,PVF10/9
21363,PVF10/8
21362,PVF10/7
21361,PVF10/6
21360,PVF10/5
21359,PVF10/4
21358,PVF10/3
21357,PVF10/2
21356,PVF10/15
21355,PVF10/14
21354,PVF10/13
21353,PVF10/12
21352,PVF10/11
21351,PVF10/10
21350,PVF10/1
21349,PVF10
21348,PVF1/9
21347,PVF1/8
21346,PVF1/7
21345,PVF1/6
21344,PVF1/5
21343,PVF1/4
21342,PVF1/3
21341,PVF1/2
21340,PVF1/16
21339,PVF1/15
21338,PVF1/14
21337,PVF1/13
21336,PVF1/12
21335,PVF1/11
21334,PVF1/10
21333,PVF1/1
21332,PVF1
21331,PVF1-PVF19
21330,P1-PVF19
21329,F6.5.6
21328,F6.5.5
21327,F6.5.4
21326,F6.5.3
21325,F6.5.2
21324,F6.5.1
21323,F6.5
21322,F6.4.8
21321,F6.4.7
21320,F6.4.6
21319,F6.4.5
21318,F6.4.4
21317,F6.4.3
21316,F6.4.2
21315,F6.4.1
21314,F6.4
21313,F6.3.9
21312,F6.3.8
21311,F6.3.7
21310,F6.3.6
21309,F6.3.5
21308,F6.3.4
21307,F6.3.3
21306,F6.3.2
21305,F6.3.1
21304,F6.3
21303,F6.2.5/9
21302,F6.2.5/8
21301,F6.2.5/7
21300,F6.2.5/6
21299,F6.2.5/5
21298,F6.2.5/4
21297,F6.2.5/3
21296,F6.2.5/2
21295,F6.2.5/1
21294,F6.2.5
21293,F6.2.4/9
21292,F6.2.4/8
21291,F6.2.4/7
21290,F6.2.4/6
21289,F6.2.4/5
21288,F6.2.4/4
21287,F6.2.4/3
21286,F6.2.4/2
21285,F6.2.4/1
21284,F6.2.4
21283,F6.2.3/7
21282,F6.2.3/6
21281,F6.2.3/5
21280,F6.2.3/4
21279,F6.2.3/3
21278,F6.2.3/2
21277,F6.2.3/1
21276,F6.2.3
21275,F6.2.2/9
21274,F6.2.2/8
21273,F6.2.2/7
21272,F6.2.2/6
21271,F6.2.2/5
21270,F6.2.2/4
21269,F6.2.2/3
21268,F6.2.2/2
21267,F6.2.2/18
21266,F6.2.2/17
21265,F6.2.2/16
21264,F6.2.2/15
21263,F6.2.2/14
21262,F6.2.2/13
21261,F6.2.2/12
21260,F6.2.2/11
21259,F6.2.2/10
21258,F6.2.2/1
21257,F6.2.2
21256,F6.2.1/9
21255,F6.2.1/8
21254,F6.2.1/7
21253,F6.2.1/6
21252,F6.2.1/5
21251,F6.2.1/4
21250,F6.2.1/32
21249,F6.2.1/31
21248,F6.2.1/30
21247,F6.2.1/3
21246,F6.2.1/29
21245,F6.2.1/28
21244,F6.2.1/27
21243,F6.2.1/26
21242,F6.2.1/25
21241,F6.2.1/24
21240,F6.2.1/23
21239,F6.2.1/22
21238,F6.2.1/21
21237,F6.2.1/20
21236,F6.2.1/2
21235,F6.2.1/19
21234,F6.2.1/18
21233,F6.2.1/17
21232,F6.2.1/16
21231,F6.2.1/15
21230,F6.2.1/14
21229,F6.2.1/13
21228,F6.2.1/12
21227,F6.2.1/11
21226,F6.2.1/10
21225,F6.2.1/1
21224,F6.2.1
21223,F6.2
21222,F6.1.6/99
21221,F6.1.6/98
21220,F6.1.6/97
21219,F6.1.6/96
21218,F6.1.6/95
21217,F6.1.6/94
21216,F6.1.6/93
21215,F6.1.6/92
21214,F6.1.6/91
21213,F6.1.6/90
21212,F6.1.6/9
21211,F6.1.6/89
21210,F6.1.6/88
